title,company_name,company_field,category_major,category_minor,employment_type,seniority,location,number_of_hire,experience,salary_range,skills,job_description,requirements,job_url,company_size,company_address,company_about,company_url
總經理（General Manager）,創家股份有限公司,Retail,Management / Business,"COO, Chief Operation Officer",Full-time,"Executive (VP, GM, C-Level)","Songshan District, Taipei City, Taiwan",1,8 years of experience required,"60,000 ~ 100,000 TWD / month",[],"【職務內容】

全面負責公司營運、管理與策略擬定，確保營運目標達成
制定中長期品牌發展策略，強化產品組合與市場競爭力
領導各部門（業務、行銷、採購、財務等）協同運作，推動跨部門整合與效率優化
發展與維繫與國內外供應商、品牌夥伴與大型通路的高階合作關係
監控市場趨勢與競業動態，擬定因應策略，提升企業彈性與競爭力
定期向董事會匯報營運成果與策略建議","【職務需求】

具8年以上家電、3C產品或快消品產業高階主管經驗（總經理、副總或事業部主管等）
熟悉台灣零售與通路生態（含電商與實體通路）
具備品牌策略與營運管理實績，能兼顧銷售成長與成本控管
卓越的領導統御能力與跨部門溝通協調力
商業思維敏銳，擅長數據分析與策略擬定【加分條件】

曾任職於同業類型公司（品牌代理、通路商、品牌商）並具實績者
熟悉產品導入流程與通路操作節奏
具備品牌營運優化、制度建置或轉型經驗",https://www.cake.me/companies/haiertw-7fef47/jobs/general-manager-9c7f6c?locale=en,11 - 50 people,台北市信義區基隆路一段400號2樓,"創家股份有限公司專注於優質家電的代理與品牌經營，致力於為每個家庭創造更舒適、美好的生活體驗。我們是國際知名品牌 Honeywell（桌上型飲水機、蓮蓬頭等水相關產品）、Haier 海爾集團小家電、以及智慧清潔品牌 Roidmi 睿米吸塵器 的正式代理商，同時擁有自有品牌 iNNOHOME，提供內外兼具、兼顧美學與效能的創新生活家電。
我們的產品遍佈全台，涵蓋網路電商平台、百貨通路與實體門市，憑藉高度市場競爭力與優質售後服務，深獲消費者肯定。公司自創立以來穩健成長，業績年年創新高，團隊合作氣氛融洽，充滿活力與創意。
經營理念
➤ 為每個家庭，創造舒適的居家生活
➤ 提供追求生活品質的消費者，內外兼具的家電產品
如果你熱愛家電產業、對生活品質有高度敏銳度，並期待在穩健發展、充滿潛力的企業中成長，誠摯邀請你加入創家，一起打造更美好的生活風格。",https://www.cake.me/companies/haiertw-7fef47
"Regional Director, Programmes (Taiwan-Based)",財團法人無國界醫生基金會 Médecins Sans Frontières (Taiwan),NGO,Management / Business,"COO, Chief Operation Officer",Full-time,"Executive (VP, GM, C-Level)","Zhongshan District, Taipei City, Taiwan",1,10 years of experience required,"130,000 ~ 150,000 TWD / month",[],"Médecins Sans Frontières (MSF) is an international, independent medical humanitarian organization established in 1971, to provide medical assistance to people affected by conflict, epidemics, disasters and exclusion from healthcare. Today this global movement operates in over 70 countries worldwide.  
MSF Hong Kong (the Section), established in 1994, is a partner section within the global movement that has evolved into a regional ‘family network’ that consists of two additional branch offices (Beijing and Taiwan). The section serves the international movement through:  
Recruiting and retaining skilled medical and non-medical staff deployed in MSF projects worldwide – particularly from the East and Southeast Asia region 
Public communications and engagement in societies in the region with the objective of raising awareness on medical humanitarian concerns, supporting advocacy and stakeholder engagement efforts 
Fundraising among societies in Hong Kong, Taiwan and the region to directly support MSF’s medical humanitarian activities 
Providing a range of support services to operations in the region and beyond
The section works across 4 locations (Hong Kong, Taipei, Mainland China and Singapore). It partners with MSF Australia, Japan, and Korea in the APAC project that aims at accelerating MSF institutional development in SEA. 
Regional Director, Programmes (Based in Taiwan) 
Job Purpose 
The Regional Director, Programmes will provide leadership and operational oversight to drive the Section's elective contributions to MSF global movement. This role is pivotal in implementing the programmatic objectives of the Section’s strategic plan related to climate and environmental health, regional humanitarian response capacity, and operational governance. As a member of the management team, the Regional Director, Programmes, contributes to steering the performance of the section and is jointly accountable for the delivery of the section’s strategic objectives.  
This position requires strong decision-making capabilities, an ability to navigate complex environments, and a commitment to MSF’s social mission. It will be accountable for the progress of assigned objectives and will ensure alignment with MSF’s global priorities and principles. For detailed job information, please refer to: https://taipeimsf.bamboohr.com/careers/54?source=aWQ9Mjc%3D","Requirements 
Advanced degree in Public Health, International Relations, Humanitarian Affairs, or a related field 
Minimum 10 years in a senior leadership role in humanitarian operations or international development, of which at least 5 years in MSF and 5 years in the field 
Proven experience in managing multi-stakeholder partnerships and operational frameworks 
Demonstrated ability to integrate climate and environmental health considerations into operational planning 
Work experience in Asia and strong network within the humanitarian community in the region  
Strong leadership, strategic, communication, and negotiation skills 
Stress and conflict management ability 
Highly aware and sensitive to diverse cultures and customs  
Project management skills of international HR projects are preferrable 
Fluent in English language both spoken and written essential  
Language from the region an added value D 
Ability to travel including to MSF field projects 
Commitment to the aims and values of Médecins Sans Frontières",https://www.cake.me/companies/medecins-sans-frontieres-taiwan/jobs/regional-director-programmes-taiwan-based?locale=en,11 - 50 people,台灣台北市中山區民權東路三段35號 7號,"▌無國界醫生是一個獨立的國際醫療人道救援組織
Médecins Sans Frontières（MSF），即英文「Doctors without Borders」，中文譯為「無國界醫生」，致力為受武裝衝突、流行病、傳染病和天災影響，以及遭排拒於醫療體系以外的人群提供緊急醫療援助。無國界醫生只會基於人們的需要提供援助，不受種族、宗教、性別或政治因素左右。
我們的行動建基於醫療道德，以及中立和不偏不倚的原則。我們不會偏袒任何一方，力求為最有迫切需要的人們提供援助。在衝突地區開展的專案，我們並不接受直接牽涉到衝突的政府或其他派別的資助。
1971年，一群記者及醫生在巴黎成立無國界醫生組織。至今，我們有將近68,000的工作夥伴在世界各地參與行動。



▌

無國界醫生在台灣
2016年4月，無國界醫生組織於台北設立辦事處。2019 年正式成立財團法人無國界醫生基金會。
無國界醫生台灣辦公室專注於三個任務：1) 積極與台灣公眾和公民社會接觸，就全球人道危機和衛生緊急情況進行宣傳、支持和倡導；2) 招募台灣的醫療和非醫療人員，派遣至現場項目工作；3) 從台灣捐助者籌款，直接支持無國界醫生的社會使命和醫療人道活動。


▌ An international, independent medical humanitarian organization
Médecins Sans Frontières (MSF) translates to Doctors without Borders. We provide medical assistance to people affected by conflict, epidemics, disasters, or exclusion from healthcare. Our teams are made up of tens of thousands of health professionals, logistic and administrative staff - bound together by our charter. Our actions are guided by medical ethics and the principles of impartiality, independence and neutrality. We are a non-profit, self-governed, member-based organisation.MSF was founded in 1971 in Paris by a group of journalists and doctors. Today, we are a worldwide movement of nearly 68,000 people.
▌ MSF in Taiwan
MSF opened a representative office in Taipei in 2016 and became a Foundation in 2019.  MSF Taiwan office focuses on 3 key pillars:1)	Active engagement with Taiwanese public and civil society on global humanitarian crises and health emergency for awareness, support and advocacy purposes;2)	Recruitment of skilled Taiwanese medical and non-medical staff to dispatch to field project;3)	Fundraising from Taiwanese donors to directly supports MSF Social mission and medical humanitarian activities.",https://www.cake.me/companies/medecins-sans-frontieres-taiwan
Deputy Director,社團法人國際特赦組織台灣分會,NGO,Management / Business,"COO, Chief Operation Officer",Full-time,"Executive (VP, GM, C-Level)","Songshan District, Taipei City, Taiwan",1,10 years of experience required,"70,000 ~ 100,000 TWD / month",[],"JOB PURPOSE
Contributes to the implementation of the operational plans for the Taiwan OfficeEnsures the application of Amnesty International standards of work in areas of responsibility, including on strategy and methodology, campaigning activities, publications and the mediaContributes to the management of the Amnesty International Taiwan and deputizes for the Director
WORKING RELATIONSHIPS
Reporting to: Amnesty International Taiwan Executive Director
Posts that this job manages:To assist Executive Director in managing the current teams as needed
Other key relationships: The Deputy Director will support and deputize where required for the Director who represents Amnesty International in Taiwan to the public, and rights-holders and promotes strategic collaboration and partnerships with relevant stakeholders.MAIN RESPONSIBILITIES
Management and communications
Support the Director in the implantation of organizational vision for AI Taiwan that is aligned with AI’s Strategic Goals and which inspires and motivates internal and external stakeholdersUse political judgment and expertise to advise and support the Director and broader management group on AI’s substantive human rights work in the country,including emerging issues, trends and crisis situationsSupervise the staff and other resources to ensure their most effective use, in line with agreed priorities and policies.Promote an organizational culture of integration across programmes and manage the effective integration of relevant staffSupport the Director when in absence.
Program and advocacy management and strategic oversight
Manage the development and implementation of human rights Program and advocacy action plans on Taiwan, in line with globally agreed priorities and strategiesProvides sustained and embedded support to all AI Taiwan programme through mentoring, training and facilitating trainings on AI’s program standards, embedding transfer of skills, knowledge and networks. Monitors the implementation of these standards and adopts strategies for achieving adherence where gaps are identified.Oversee the implementation of AI Taiwan’s Membership & Growth StrategyQuality Assurance and ReportingResponsible for the quality of research, campaign, growth, communication and advocacy outputs, working closely with originators to ensure that program strategy is sound and focused, key methodology, legal and policy issues are addressed, and that the evidence, analysis and conclusions make a compelling case for changeEnsure compliance with globally developed quality assurance and impact assessment methodologies to ensure that activities meet the organizational standards of timeliness, accuracy, consistency, balance, independence and impartialityEnsure the identification and sharing of best practice models and timely reporting against key performance indicators of the entity that measure human rights impactEnsure that the team report with sufficient clarity and detail on the impact of their work, including to funders Ensure the timely delivery of agreed plansEnsure all outputs go through appropriate law and policy review","SKILLS AND EXPERIENCE
Leadership and Management
Demonstrated knowledge and direct experience of the human rights and political context in Taiwan and an expertise in international human rights legal framework, and relevant regional and national legal frameworksIn-depth experience of human rights research for advocacy purposes: Developing plan and conducting research using a range of appropriate methodologies, analysing and presenting findings, identifying advocacy targets, and applying research-based analysis to campaigning for human rights changeExperience of strategic campaigning, including knowledge of the steps required to devise campaigning strategy and awareness of the need for actions and campaigning techniques to be based on strategies and be adapted to effect changes in a given situationAbility to develop strategies and plans and review them and adapt them as required, exercising and promoting creative thinkingStrong management, organisational and people skills
Competencies
Demonstrated ability to understand and align strategic thinking with operational deliveryAble to identify opportunities and threats and to recommend appropriate mitigating action; ability to make appropriate recommendations in relation to an organization’s interests and prioritiesExcellent political judgementUnderstands and has demonstrated managerial level responsibilityDemonstrated willingness to be accountable and to receive and give performance related feedback.Experience of working under pressure, managing conflicting demands, meeting deadlines and adjusting prioritiesWritten and verbal fluency in EnglishAble to work in a manner that is consistent with the organisation’s core behaviours and competencies
EQUALITY STATEMENT
Equality and diversity is at the core of our values and staff are expected to workcollectively and individually to promote a constructive and sensitive approach to others from a variety of backgrounds, where the work of others is valued and respected.
CONFLICT OF INTEREST
Public or other activity, affiliation to or support for any group or organization, personal association or other factor which may generate a real or perceived conflict of interest with Amnesty International’s principles (specifically independence and impartiality), or raise a security concern, or otherwise prevent the candidate from carrying out key functions of the specific post and would therefore disqualify the candidate from being appointed.Application Method
Please send your [Chinese and English resume, Chinese autobiography or brief summary of experience] to Ms. Chang at [email protected].Subject: 【Application for Deputy Director - (Name)】",https://www.cake.me/companies/amnesty/jobs/deputy-director?locale=en,11 - 50 people,台灣台北市松山區八德路三段36號7樓,"國際特赦組織是一項全球性的人權運動，在全世界超過150個國家當中，擁有超過700萬支持者。國際特赦組織會員、支持者及人權工作者，共同致力於終結各種對人權的嚴重侵害。
我們的理念是每個人都應享有世界人權宣言及其他國際人權標準所載的權利。同時，國際特赦組織獨立於任何政府、政治意識形態、經濟利益或宗教，經費來源主要來自於會員及大眾捐款。
Our aim is simple: an end to human rights abuses.
Independent, international and influential, we campaign for justice, freedom and truth wherever they’re denied. And whether we're applying pressure through powerful research or direct lobbying, mass demonstrations or online campaigning, we're all inspired by hope for a better world. One where human rights are respected and protected by everyone, everywhere.
Amnesty International is a global movement of more than 7 million people who campaign for a world where human rights are enjoyed by all. Our supporters are outraged by human rights abuses but inspired by hope for a better world - so we work to improve human rights through campaigning and international solidarity.
We reach almost every country in the world and have: · more than 2 million members and supporters who drive forward our fight for rights · more than 5 million activists who strengthen our calls for justiceYou can help make a real difference by becoming a member or supporter of Amnesty International.",https://www.cake.me/companies/amnesty
🎖國外工作機會 - 領先全球製造商 - IT head(東南亞) - Candice,Cake Recruitment Consulting,Human Resources,IT,Development Manager,Full-time,"Executive (VP, GM, C-Level)","Taipei, Taiwan",1,10 years of experience required,"1,800,000 ~ 3,000,000 TWD / year","['IT Infrastructure', 'SAP', 'People Manager']","🎖 優渥的福利制度
🌍 全球化規模✈️ 跨國/海外工作IT策略執行 制定並執行符合企業數位轉型目標的IT路線圖，確保系統與服務滿足運營與戰略需求。技術運營與基礎設施管理優化SAP ERP及其他企業系統，確保系統穩定性、效能及擴展性以支援業務增長。專案與計畫管理 領導並管理IT相關專案，確保在時限內達成目標，同時與跨部門團隊協作，推動數位解決方案成功落地。團隊領導與發展建立並領導高效的IT團隊，提供指導並提升團隊技術與領導能力，推動部門持續進步。預算與供應商管理有效管理IT部門預算，優化資源分配，並與外部供應商合作，確保高品質、具成本效益的解決方案。",熟悉SAP ERP及相關企業應用系統的運營與維護，對數位轉型有實務經驗者尤佳。具備豐富的IT專案管理經驗，能協調多方資源，確保專案如期、如質完成。對最新的科技趨勢（如數位化、雲端、AI等）有深入了解，能提出具前瞻性的技術建議。良好的跨部門溝通技巧，能與業務單位建立良好合作，並為高層管理提供技術建議。具備 5+ 年管理經驗,https://www.cake.me/companies/cake-recruitment-consulting/jobs/083d0a?locale=en,11 - 50 people,"12F., No. 287, Sec. 3, Nanjing E. Rd., Songshan Dist., Taipei City 105, Taiwan (R.O.C.)","🔥This is the Cake Recruitment Consulting official web page🔥Cake Recruitment Consulting - Executive Search, Contracting, EoR/Payroll
We offer a full range of services, including Executive Search, Contracting, and EoR/Payroll, to meet all your recruitment needs.
Our Special Advantages and Differentiation:
Professional Recruiter + Direct Sourcing - All consultants have industry experience. In addition to providing accurate talent search. E.g Identify relevant client’s competitors, and engage in comprehensive talent acquisition, building long-term relationships with candidates, and providing market information to clients.CakeResume AI + Martech Recruitment - By leveraging digital Martech technology and employer branding, the recruitment process is optimized. Through a database of millions of potential candidates who would not normally appear, the number of candidates reached is increased and speeds up the sourcing process to fill the talent gap.

About Cake Recruitment ConsultingCake is the Leading Asia talent platform. With over millions+ active resumes in our database and still it is increasing every day.
Currently more than 7,000+ clients are using our recruitment services.",https://www.cake.me/companies/cake-recruitment-consulting
🎖Global Blockchain Company - CTO - Candice,Cake Recruitment Consulting,Human Resources,IT,Development Manager,Full-time,"Executive (VP, GM, C-Level)","Taipei, Taiwan",1,10 years of experience required,"2,000,000 ~ 6,000,000 TWD / year","['Blockchain', 'CTO', 'Lead Engineer']","🎖 Competitive salary 
🌍 Globally-Oriented Product
主要職責：
- Develop and execute the company's technical vision and roadmap to align with business objectives.- Lead system architecture design to ensure high performance, availability, and security.- Solve complex challenges in blockchain technology, such as consensus mechanisms, smart contracts, and decentralized storage.- Create development plans, allocate resources, and monitor project progress.
- 制定並執行公司的技術願景與發展路線，支持業務目標。- 主導系統架構設計，確保高性能、高可用性與安全性。- 解決區塊鏈技術中的複雜問題（如共識機制、智能合約、去中心化存儲）。- 制定開發計畫、分配資源，並監控專案進度。","Familiarity with blockchain or related industries.Graduates from relevant fields are preferred.Strong cross-team collaboration and communication skills, with a willingness to learn new technologies and share knowledge.Excellent communication skills.熟悉區塊鏈或相關產業相關科系畢業者優先考慮良好的跨團隊合作與溝通能力，樂於學習新技術並分享知識良好的溝通能力",https://www.cake.me/companies/cake-recruitment-consulting/jobs/318ae7?locale=en,11 - 50 people,"12F., No. 287, Sec. 3, Nanjing E. Rd., Songshan Dist., Taipei City 105, Taiwan (R.O.C.)","🔥This is the Cake Recruitment Consulting official web page🔥Cake Recruitment Consulting - Executive Search, Contracting, EoR/Payroll
We offer a full range of services, including Executive Search, Contracting, and EoR/Payroll, to meet all your recruitment needs.
Our Special Advantages and Differentiation:
Professional Recruiter + Direct Sourcing - All consultants have industry experience. In addition to providing accurate talent search. E.g Identify relevant client’s competitors, and engage in comprehensive talent acquisition, building long-term relationships with candidates, and providing market information to clients.CakeResume AI + Martech Recruitment - By leveraging digital Martech technology and employer branding, the recruitment process is optimized. Through a database of millions of potential candidates who would not normally appear, the number of candidates reached is increased and speeds up the sourcing process to fill the talent gap.

About Cake Recruitment ConsultingCake is the Leading Asia talent platform. With over millions+ active resumes in our database and still it is increasing every day.
Currently more than 7,000+ clients are using our recruitment services.",https://www.cake.me/companies/cake-recruitment-consulting
🎖外商 - 知名區塊鏈公司 - VP of Engineering - Candice,Cake Recruitment Consulting,Human Resources,IT,Development Manager,Full-time,"Executive (VP, GM, C-Level)","Taipei, Taiwan",1,8 years of experience required,"2,000,000 ~ 6,000,000 TWD / year","['Lead Engineer', 'Backend', 'VP of Engineering']","🎖自由、扁平組織
💵資金穩定，產品面向國際
主要職責：- 帶領團隊完成區塊鏈相關應用、協議或基礎設施的軟體開發，確保專案按時交付並符合業務需求。- 與產品經理、業務部門及其他相關團隊密切合作- 負責新產品開發以及現有產品優化- 制定開發計畫、分配資源，並監控專案進度。",精通關聯式資料庫設計與優化相關科系畢業者優先考慮良好的跨團隊合作與溝通能力，樂於學習新技術並分享知識。具備流量處理經驗者加分,https://www.cake.me/companies/cake-recruitment-consulting/jobs/17a200?locale=en,11 - 50 people,"12F., No. 287, Sec. 3, Nanjing E. Rd., Songshan Dist., Taipei City 105, Taiwan (R.O.C.)","🔥This is the Cake Recruitment Consulting official web page🔥Cake Recruitment Consulting - Executive Search, Contracting, EoR/Payroll
We offer a full range of services, including Executive Search, Contracting, and EoR/Payroll, to meet all your recruitment needs.
Our Special Advantages and Differentiation:
Professional Recruiter + Direct Sourcing - All consultants have industry experience. In addition to providing accurate talent search. E.g Identify relevant client’s competitors, and engage in comprehensive talent acquisition, building long-term relationships with candidates, and providing market information to clients.CakeResume AI + Martech Recruitment - By leveraging digital Martech technology and employer branding, the recruitment process is optimized. Through a database of millions of potential candidates who would not normally appear, the number of candidates reached is increased and speeds up the sourcing process to fill the talent gap.

About Cake Recruitment ConsultingCake is the Leading Asia talent platform. With over millions+ active resumes in our database and still it is increasing every day.
Currently more than 7,000+ clients are using our recruitment services.",https://www.cake.me/companies/cake-recruitment-consulting
💰 智慧金融科技新創 X 全球 AI 財富管理 - 業務長/業務總監 - AC,Cake Recruitment Consulting,Human Resources,Management / Business,Sales,Full-time,"Executive (VP, GM, C-Level)","Taipei, Taiwan",1,6 years of experience required,"1,500,000 ~ 2,000,000 TWD / year","['Sales', 'Business Development', 'BD']","提供顧客專業的投資理財、資產配置及信託管理服務，擁有出色的溝通和表達能力，能撰寫文章並經營個人社群。積極拓展市場，實現公司目標，領導部門業務發展，尋求新的合作與成長機會，評估並推動擴張方案和業務增長。工作內容
整合團隊資源，帶領團隊完成年度目標。能在遇到問題時跨部門合作，及時有效地解決客戶問題。提出符合公司發展並有助於業績的創新業務策略，領導團隊按時完成高品質專案，主動提出流程改進和優化建議。有效達成公司制定的各項業務指標，包括 B2B 法人資金規劃和 B2C 個人財富管理。具備財務規劃專業知識，提供客戶投資規劃和理財顧問服務，與客戶利益一致，追求客戶資產成長。認同長期顧問管理費（AUM）收費制度，通過AUM累計獎金模式，與客戶及渠道建立長期關係。不懼怕文字創作、上台演講（線上或實體）和面對鏡頭，能協助同事經營數位媒體平台（如部落格、直播、YouTube、IG等），並給予建議，通過理財教育吸引目標客戶。規劃大型論壇/講座，能與同事一起完成講座業務推廣。","擁有CFP證照，熟悉財務規劃或ETF、資產配置、投資組合、信託規劃者尤佳，符合法規要求。具邏輯思考能力和團隊合作精神，能獨立完成目標並樂於合作。個性積極進取，對客戶有耐心，喜歡業務工作。具業務能力和銷售技巧，能進行專業簡報。抗壓性強，主動積極，配合公司政策。具有創意，能理解和制定業務策略。具卓越的目標管理能力和團隊領導績效。自學能力強，有想法，執行力高，良好的中英閱讀能力，抗壓性強，配合度高，可獨立作業。具良好的溝通表達能力，能面對鏡頭。
🦉 若對本職缺感興趣，請準備履歷直接與招募顧問 Adam 聯繫。聯繫人：招募顧問 Adam Chuang聯繫方式：LINE https://line.me/ti/p/APZRQhslxZ（ID:adamc6）備註：加入後可以直接傳送履歷及欲詢問職缺的截圖給我，讓我快速了解你的背景。我會盡快分享詳細公司資訊給您 🙌🏻",https://www.cake.me/companies/cake-recruitment-consulting/jobs/666543?locale=en,11 - 50 people,"12F., No. 287, Sec. 3, Nanjing E. Rd., Songshan Dist., Taipei City 105, Taiwan (R.O.C.)","🔥This is the Cake Recruitment Consulting official web page🔥Cake Recruitment Consulting - Executive Search, Contracting, EoR/Payroll
We offer a full range of services, including Executive Search, Contracting, and EoR/Payroll, to meet all your recruitment needs.
Our Special Advantages and Differentiation:
Professional Recruiter + Direct Sourcing - All consultants have industry experience. In addition to providing accurate talent search. E.g Identify relevant client’s competitors, and engage in comprehensive talent acquisition, building long-term relationships with candidates, and providing market information to clients.CakeResume AI + Martech Recruitment - By leveraging digital Martech technology and employer branding, the recruitment process is optimized. Through a database of millions of potential candidates who would not normally appear, the number of candidates reached is increased and speeds up the sourcing process to fill the talent gap.

About Cake Recruitment ConsultingCake is the Leading Asia talent platform. With over millions+ active resumes in our database and still it is increasing every day.
Currently more than 7,000+ clients are using our recruitment services.",https://www.cake.me/companies/cake-recruitment-consulting
健康科技產業龍頭 HR VP -JC,Cake Recruitment Consulting,Human Resources,HR,HR Manager,Full-time,"Executive (VP, GM, C-Level)","Taichung City, Taiwan",1,10 years of experience required,200 ~ 350 TWD / month,[],"1. Collaborates with executive leadership to define the organization’s long-term mission
and goals; identifies ways to support this mission through talent management.
2. Identifies key performance indicators for the organization’s human resource and talent
management functions; assesses the organization’s success and market competitiveness
based on these metrics.
3. Researches, develops, and implements competitive compensation, benefits,
performance appraisal, and employee incentive programs.
4. Provides guidance and leadership to the human resource management team; assists
with resolution of human resource, compensation, and benefits questions, concerns, and
issues.
5. Ensures compliance with employment, benefits, insurance, safety, and other laws,
regulations, and requirements.
6. Maintains knowledge of laws, regulations, and best practices in employment law,
human resources, and talent management.
7. Drafts and implements the organization’s staffing budget, and the budget for the human
resource department.
8. Participates in professional development and networking conferences and events.
9. Performs other duties as assigned.","【必要條件】
1. 具Headquarter-HR角色,管理多家跨國子公司之集團人資管理經驗
2. 具有建構集團薪酬架構經驗
3. 過往有服務於海外銷售子公司經驗
4. 中部人選佳。",https://www.cake.me/companies/cake-recruitment-consulting/jobs/health-technology-industry-leader-hr-vp-jc?locale=en,11 - 50 people,"12F., No. 287, Sec. 3, Nanjing E. Rd., Songshan Dist., Taipei City 105, Taiwan (R.O.C.)","🔥This is the Cake Recruitment Consulting official web page🔥Cake Recruitment Consulting - Executive Search, Contracting, EoR/Payroll
We offer a full range of services, including Executive Search, Contracting, and EoR/Payroll, to meet all your recruitment needs.
Our Special Advantages and Differentiation:
Professional Recruiter + Direct Sourcing - All consultants have industry experience. In addition to providing accurate talent search. E.g Identify relevant client’s competitors, and engage in comprehensive talent acquisition, building long-term relationships with candidates, and providing market information to clients.CakeResume AI + Martech Recruitment - By leveraging digital Martech technology and employer branding, the recruitment process is optimized. Through a database of millions of potential candidates who would not normally appear, the number of candidates reached is increased and speeds up the sourcing process to fill the talent gap.

About Cake Recruitment ConsultingCake is the Leading Asia talent platform. With over millions+ active resumes in our database and still it is increasing every day.
Currently more than 7,000+ clients are using our recruitment services.",https://www.cake.me/companies/cake-recruitment-consulting
知名半導體零組件商 人資高階主管(人資長、人資處長)-JC,Cake Recruitment Consulting,Human Resources,HR,HR Manager,Full-time,"Executive (VP, GM, C-Level)","Taipei City, Taiwan",1,15 years of experience required,200 ~ 300 TWD / year,[],1. 順應公司發展，制定人力資源發展策略，以支持公司策略目標。2. 與高級管理層合作，提供人力資源方面的建議和支持，以制定和調整公司的策略和計劃。3. 協助制定和實施公司的文化和價值觀，促進員工的凝聚力和忠誠度。4. 整合集團人力資源管理綜效(如：招募策略、人力盤點提升人效、人才接班與培育、規劃獎勵與激勵制度等HR策略)5. 監督人力資源團隊的日常運作，指導和培養下屬，確保團隊的高效運作。,1.具備電子業背景2.可以配合公司需求出差大陸，管理兩岸HR業務，具備策略思考與HR轉型升級強化3.具有深入的人力資源知識，熟悉相關法規和標準，能夠制定和實施有效的人力資源策略和流程。4.具備優秀的領導能力和團隊管理技能，能夠有效地指導和激勵團隊。5.具有良好的溝通和人際關係技巧，能夠與跨部門管理層有效溝通和協作。6.具有良好的問題解決和決策能力，能夠應對各種挑戰和壓力。7.具有創新和改進的精神，能夠持續推動人力資源部門的改革和提升。,https://www.cake.me/companies/cake-recruitment-consulting/jobs/semiconductor-component-merchant-hr-executive?locale=en,11 - 50 people,"12F., No. 287, Sec. 3, Nanjing E. Rd., Songshan Dist., Taipei City 105, Taiwan (R.O.C.)","🔥This is the Cake Recruitment Consulting official web page🔥Cake Recruitment Consulting - Executive Search, Contracting, EoR/Payroll
We offer a full range of services, including Executive Search, Contracting, and EoR/Payroll, to meet all your recruitment needs.
Our Special Advantages and Differentiation:
Professional Recruiter + Direct Sourcing - All consultants have industry experience. In addition to providing accurate talent search. E.g Identify relevant client’s competitors, and engage in comprehensive talent acquisition, building long-term relationships with candidates, and providing market information to clients.CakeResume AI + Martech Recruitment - By leveraging digital Martech technology and employer branding, the recruitment process is optimized. Through a database of millions of potential candidates who would not normally appear, the number of candidates reached is increased and speeds up the sourcing process to fill the talent gap.

About Cake Recruitment ConsultingCake is the Leading Asia talent platform. With over millions+ active resumes in our database and still it is increasing every day.
Currently more than 7,000+ clients are using our recruitment services.",https://www.cake.me/companies/cake-recruitment-consulting
Vice President of Operations,Cake Recruitment Consulting,Human Resources,Manufacturing,Manufacturing Operator,Full-time,"Executive (VP, GM, C-Level)",Taiwan,1,20 years of experience required,"4,000,000 ~ 9,999,999 TWD / year",[],"Job Title: Vice President of Operations
Company Overview: The Company is a distinguished provider of cutting-edge networking solutions, dedicated to delivering unparalleled products and services to meet the dynamic demands of our clientele.
Key Responsibilities:
Strategic Leadership: Craft and execute comprehensive strategic initiatives aimed at maximizing operational efficiencies and propelling organizational growth and profitability.Operational Oversight: Provide astute leadership and oversight across all facets of operations, encompassing manufacturing, supply chain management, logistics, and quality assurance, ensuring seamless alignment with organizational objectives.Process Optimization: Spearhead initiatives to identify and capitalize on opportunities for process enhancement and cost reduction, championing the adoption of industry-leading best practices to bolster operational efficacy and productivity.Quality Assurance: Establish and uphold rigorous quality standards and protocols to uphold the integrity and reliability of products and services, fostering unwavering customer trust and satisfaction.Supply Chain Management: Collaborate closely with cross-functional teams to optimize supply chain dynamics, minimize lead times, and expedite product delivery to our esteemed clientele.Vendor Relationship Management: Cultivate and nurture strategic partnerships with key suppliers and contract manufacturers, fostering synergistic relationships that drive mutual success and value creation.Team Leadership: Provide visionary leadership and mentorship to the operations team, fostering a culture of collaboration, innovation.Performance Analysis and Reporting: Implement robust performance metrics and KPIs to meticulously monitor and assess operational performance, furnishing senior management with actionable insights and strategic recommendations.Risk Mitigation: Proactively identify and mitigate potential operational risks, deploying robust strategies and contingency plans to safeguard business continuity and uphold our commitment to unrivaled customer satisfaction.Regulatory Compliance: Ensure meticulous adherence to pertinent industry regulations and standards governing operational activities, upholding unwavering commitment to ethical and regulatory compliance.","Qualifications:
Master's degree in Engineering or a related field; MBA or advanced degree preferred.A minimum of 10 years of progressive experience in operational management within the technology or networking industry, including at least 5 years in a senior leadership capacity.Demonstrated track record of driving operational excellence, process optimization, and cost containment initiatives within a global manufacturing environment.Exceptional leadership acumen, coupled with superlative communication skills, enabling the effective mobilization and alignment of cross-functional teams towards shared strategic objectives.Strategic foresight and a results-driven orientation, underpinned by a relentless pursuit of continuous improvement and operational excellence.Proficiency in navigating complex operational landscapes, coupled with astute problem-solving abilities and a keen eye for detail.Thorough familiarity with industry regulations and standards governing operational activities, including ISO, RoHS, and REACH compliance.Flexibility and willingness to travel domestically and internationally as required to fulfill job responsibilities.
Preferred Qualifications:
Proven experience in a similar leadership capacity within the networking or telecommunications industry, demonstrating a keen understanding of the unique operational dynamics and challenges inherent to the sector.Familiarity with lean manufacturing principles, Six Sigma methodologies, and other advanced operational frameworks and methodologies.Proficiency in implementing and leveraging ERP systems and other operational tools to streamline processes and drive operational efficiencies.Exceptional negotiation skills and a demonstrated ability to cultivate and manage strategic vendor relationships for mutual benefit and long-term success.",https://www.cake.me/companies/cake-recruitment-consulting/jobs/vice-president-of-operations?locale=en,11 - 50 people,"12F., No. 287, Sec. 3, Nanjing E. Rd., Songshan Dist., Taipei City 105, Taiwan (R.O.C.)","🔥This is the Cake Recruitment Consulting official web page🔥Cake Recruitment Consulting - Executive Search, Contracting, EoR/Payroll
We offer a full range of services, including Executive Search, Contracting, and EoR/Payroll, to meet all your recruitment needs.
Our Special Advantages and Differentiation:
Professional Recruiter + Direct Sourcing - All consultants have industry experience. In addition to providing accurate talent search. E.g Identify relevant client’s competitors, and engage in comprehensive talent acquisition, building long-term relationships with candidates, and providing market information to clients.CakeResume AI + Martech Recruitment - By leveraging digital Martech technology and employer branding, the recruitment process is optimized. Through a database of millions of potential candidates who would not normally appear, the number of candidates reached is increased and speeds up the sourcing process to fill the talent gap.

About Cake Recruitment ConsultingCake is the Leading Asia talent platform. With over millions+ active resumes in our database and still it is increasing every day.
Currently more than 7,000+ clients are using our recruitment services.",https://www.cake.me/companies/cake-recruitment-consulting
🎮 百萬級流量 - 知名遊戲公司 - CTO - CH,Cake Recruitment Consulting,Human Resources,IT,"CTO, Chief Technology Officer",Full-time,"Executive (VP, GM, C-Level)","Taipei City, Taiwan",1,7 years of experience required,"1,700,000 ~ 3,600,000 TWD / year","['CTO', 'high-level', 'VP of engineering']",- 成立超過 10 年的穩健團隊- 團隊氣氛活潑、扁平、高度自主- 積極發展新技術、新產品- 帶領團隊研發新產品- 進行人員管理、績效評核,"- 具備遊戲產業管理經驗優先考慮- 主要使用 Java, .NET, C++ 等技術，擇一熟悉即可- 具備良好的溝通能力、商業策略思維",https://www.cake.me/companies/cake-recruitment-consulting/jobs/millions-of-traffic-well-known-game-company-cto-ch?locale=en,11 - 50 people,"12F., No. 287, Sec. 3, Nanjing E. Rd., Songshan Dist., Taipei City 105, Taiwan (R.O.C.)","🔥This is the Cake Recruitment Consulting official web page🔥Cake Recruitment Consulting - Executive Search, Contracting, EoR/Payroll
We offer a full range of services, including Executive Search, Contracting, and EoR/Payroll, to meet all your recruitment needs.
Our Special Advantages and Differentiation:
Professional Recruiter + Direct Sourcing - All consultants have industry experience. In addition to providing accurate talent search. E.g Identify relevant client’s competitors, and engage in comprehensive talent acquisition, building long-term relationships with candidates, and providing market information to clients.CakeResume AI + Martech Recruitment - By leveraging digital Martech technology and employer branding, the recruitment process is optimized. Through a database of millions of potential candidates who would not normally appear, the number of candidates reached is increased and speeds up the sourcing process to fill the talent gap.

About Cake Recruitment ConsultingCake is the Leading Asia talent platform. With over millions+ active resumes in our database and still it is increasing every day.
Currently more than 7,000+ clients are using our recruitment services.",https://www.cake.me/companies/cake-recruitment-consulting
Head of GM Office,Cake Recruitment Consulting,Human Resources,Marketing / Advertising,"CMO, Chief Marketing Officer",Full-time,"Executive (VP, GM, C-Level)",Taiwan,1,20 years of experience required,"4,000,000 ~ 9,999,999 TWD / month","['GM', 'Market', 'Business Strategy']","What You'll Own:
1. Powering Program Excellence:
Lead the charge in driving and executing pivotal GMO programs and initiatives. Imagine, strategize, and execute, conducting in-depth feasibility assessments, market explorations, and financial plotting.Ignite technological strategies, crafting precise project timelines while fueling the SBG team's knowledge and prowess through tailored training endeavors.
2. Global Program Leadership:
Be the trailblazer steering strategic semiconductor manufacturing projects on a global canvas. Craft pathways aligned with our business pulse, dynamically adapting strategies and orchestrating seamless negotiations.Co-pilot weekly sessions with our global partners and internal teams, fostering unity, collaboration, and supercharging project synchronization.
3. Task Mastery and Priority Elevation:
Take the helm in orchestrating, tracking, and prioritizing crucial tasks, elevating them to spotlight and ensuring they dazzle. Delegate, follow through, and witness the crescendo of task accomplishments.
4. Mastering Foreign Engagements:
Direct the symphony of foreign meetings and partner visits. Command the stage, captivating audiences, leading conversations, and painting vibrant pictures of collaboration.","What We're Looking For:
An Engineering Luminary: A bachelor's degree in Engineering, powered up with an MBA.A Decade in the Limelight: Over ten years commanding the semiconductor manufacturing domain from the helm.A Multi-Dimensional Virtuoso: A virtuoso in project management, the art of communication, financial wizardry, sales prowess, and marketing magic.A Linguistic Alchemist: Fluent in both Mandarin and English, creating seamless connections across borders.The Organized Dynamo: A fusion of focus, efficiency, and adaptability—a rapid learner coupled with exemplary people skills.",https://www.cake.me/companies/cake-recruitment-consulting/jobs/head-of-gm-office?locale=en,11 - 50 people,"12F., No. 287, Sec. 3, Nanjing E. Rd., Songshan Dist., Taipei City 105, Taiwan (R.O.C.)","🔥This is the Cake Recruitment Consulting official web page🔥Cake Recruitment Consulting - Executive Search, Contracting, EoR/Payroll
We offer a full range of services, including Executive Search, Contracting, and EoR/Payroll, to meet all your recruitment needs.
Our Special Advantages and Differentiation:
Professional Recruiter + Direct Sourcing - All consultants have industry experience. In addition to providing accurate talent search. E.g Identify relevant client’s competitors, and engage in comprehensive talent acquisition, building long-term relationships with candidates, and providing market information to clients.CakeResume AI + Martech Recruitment - By leveraging digital Martech technology and employer branding, the recruitment process is optimized. Through a database of millions of potential candidates who would not normally appear, the number of candidates reached is increased and speeds up the sourcing process to fill the talent gap.

About Cake Recruitment ConsultingCake is the Leading Asia talent platform. With over millions+ active resumes in our database and still it is increasing every day.
Currently more than 7,000+ clients are using our recruitment services.",https://www.cake.me/companies/cake-recruitment-consulting
VP of Mfg (Optical communication ),Cake Recruitment Consulting,Human Resources,Manufacturing,Other,Full-time,"Executive (VP, GM, C-Level)",Taiwan,1,20 years of experience required,"4,000,000 ~ 9,999,999 TWD / year","['Manufacturing', 'Optical', 'Optical Fiber']","Strategically contribute to formulating the company's product and technological roadmap, devising meticulous development plans for the manufacturing center, and proficiently managing associated risks.Develop and execute comprehensive annual operational plans for the manufacturing center in alignment with the company's strategic goals and spearhead projects aimed at continuous enhancement.Provide meticulous oversight and leadership in all facets of product manufacturing, ensuring excellence in cost management, quality assurance, on-time delivery, inventory control, and overall production operations.Lead the strategic planning and implementation of automated production lines, fostering efficiency and scalability within the manufacturing infrastructure.Drive talent cultivation initiatives for the manufacturing center, steering the direction of annual training programs for departmental units to nurture skill development and organizational growth.Collaborate seamlessly in executing the company's annual talent assessment procedures, adhering rigorously to established organizational protocols.","Bachelor's degree or higher qualification, with a preference for a Master's degree, in disciplines such as Electrical Engineering, Electronics, Optoelectronics, Telecommunications, or related fields.8+ years of extensive and diverse experience in the electronics industry encompassing production, technology, and asset management, hands-on experience in Mainland China is preferred.Familiar with Optical Communication Product Design & Manufacturing.Exceptional organizational acumen, meticulous attention to detail, and a strategic mindset with a demonstrated ability to plan and execute complex initiatives.Proficiency in English, showcasing adeptness in oral communication, listening, reading, and written expression.",https://www.cake.me/companies/cake-recruitment-consulting/jobs/vp-of-mfg-optical-communication?locale=en,11 - 50 people,"12F., No. 287, Sec. 3, Nanjing E. Rd., Songshan Dist., Taipei City 105, Taiwan (R.O.C.)","🔥This is the Cake Recruitment Consulting official web page🔥Cake Recruitment Consulting - Executive Search, Contracting, EoR/Payroll
We offer a full range of services, including Executive Search, Contracting, and EoR/Payroll, to meet all your recruitment needs.
Our Special Advantages and Differentiation:
Professional Recruiter + Direct Sourcing - All consultants have industry experience. In addition to providing accurate talent search. E.g Identify relevant client’s competitors, and engage in comprehensive talent acquisition, building long-term relationships with candidates, and providing market information to clients.CakeResume AI + Martech Recruitment - By leveraging digital Martech technology and employer branding, the recruitment process is optimized. Through a database of millions of potential candidates who would not normally appear, the number of candidates reached is increased and speeds up the sourcing process to fill the talent gap.

About Cake Recruitment ConsultingCake is the Leading Asia talent platform. With over millions+ active resumes in our database and still it is increasing every day.
Currently more than 7,000+ clients are using our recruitment services.",https://www.cake.me/companies/cake-recruitment-consulting
🤵‍♂﻿ (技術頂規職位- 年後到職) - 資安專案公司 - 資訊研發長 - SH,Cake Recruitment Consulting,Human Resources,IT,"CIO, Chief Information Officer",Full-time,"Executive (VP, GM, C-Level)","Xinyi District, Taipei City, Taiwan 110",1,8 years of experience required,"1,600,000 ~ 2,500,000 TWD / year","['Leadership + Management', 'CTO', '研發長']",（年後到職) 具備c# .net 技術底＋高階管理 20人以上團隊經驗 🚩研發長 預計管理40-50人 開發團隊 🚔🎽 職務團隊管理，公司決策面，客戶需求討論掌握，人事成本管控，與技術長密切合作公營單位👩‍✈👨‍✈ 指定最佳解決方案專家 ⛳ 信義區辦公室研發長 預計管理8-10人 （有相關管理能力即可挑戰）🚔🚓 資安專案 科技執法 數位鑑識/AI 科技偵查輔助平台/設備監控 🚨 🥇企業認證一線精品品牌 2022年 金峰獎「最佳企業類」「最佳產品類」獎🏆,"若您初步符合條件且對本職缺感興趣，請準備履歷私訊與獵才招募顧問 Samuel聯繫。聯繫人：招募顧問 Samuel Hsu聯繫方式 LINE : https://line.me/ti/p/7ofhxyEWdk (ID: samuelhuscake)LinkedIn: https://www.linkedin.com/in/samuel-hsu-97b0aa15a/

備註：加入後可以直接傳送履歷及詢問職缺的截圖給我，讓我快速了解你的背景，減少來回等候回覆的時間。我會盡快分享詳細公司資訊給您及後續推薦🙌🏻。
Samuel 是Cake主要專精軟體 Backend (後端語言 Java/.Net/Golang/Python, Data Engineer, Data Scientist, Data Analyst, ML/AI Engineer, DBA (MySQL/MSSQL/Oracle) 的獵才顧問，歡迎 Connect，
若您正在參考以上職能機會，可參考 Samuel 的蛋糕職報：https://forms.gle/n9Q5GxJWJ5R4yrUP8

蛇年🐍 超前部署 2025 後到職職缺搶先公佈🧞‍♂️蛇年搶頭香
精選職缺月報訂閱💸輕鬆填寫表單，訂閱連結中！🛎️ https://lnkd.in/gfA4JXy2",https://www.cake.me/companies/cake-recruitment-consulting/jobs/70f94d?locale=en,11 - 50 people,"12F., No. 287, Sec. 3, Nanjing E. Rd., Songshan Dist., Taipei City 105, Taiwan (R.O.C.)","🔥This is the Cake Recruitment Consulting official web page🔥Cake Recruitment Consulting - Executive Search, Contracting, EoR/Payroll
We offer a full range of services, including Executive Search, Contracting, and EoR/Payroll, to meet all your recruitment needs.
Our Special Advantages and Differentiation:
Professional Recruiter + Direct Sourcing - All consultants have industry experience. In addition to providing accurate talent search. E.g Identify relevant client’s competitors, and engage in comprehensive talent acquisition, building long-term relationships with candidates, and providing market information to clients.CakeResume AI + Martech Recruitment - By leveraging digital Martech technology and employer branding, the recruitment process is optimized. Through a database of millions of potential candidates who would not normally appear, the number of candidates reached is increased and speeds up the sourcing process to fill the talent gap.

About Cake Recruitment ConsultingCake is the Leading Asia talent platform. With over millions+ active resumes in our database and still it is increasing every day.
Currently more than 7,000+ clients are using our recruitment services.",https://www.cake.me/companies/cake-recruitment-consulting
BC - Product Line Director,iN Search 卓恩管理顧問有限公司,Recruitment,Management / Business,"COO, Chief Operation Officer",Full-time,"Executive (VP, GM, C-Level)","Taipei City, Taiwan",1,20 years of experience required,"3,500,000+ TWD / year",[],"Responsibilities｜
Collaborate with global VP of engineering, Senior hardware and firmware engineers, architects to deliver new generation products.In charge of ODMs and JDMs negotiations and collaborations.Collaborate with core members, PMs and suppliers to identify components for the purpose of Design for Cost including platforms, sensors, modules, and components.Build up SOPs to work smoothly with cross regions.Travel to APAC manufacturers and vendors to maintain partnerships quality.Manage full cycle of NPI to MP","Requirements｜
10+ years’ experience in hardware and firmware integration devices product and holding Electrical and Computer engineering master’s degree.Solid experience either in Robotics, IP camera, or ground robots products.Proven record in leading a 3 + members team and build up team from scratch.Had experience in live in EU or US or China is a huge plus.Great English communication skills.",https://www.cake.me/companies/insearch/jobs/bc-product-line-director?locale=en,1 - 10 people,台北市松山區敦化北路167號14樓,"iN Search卓恩管理顧問有限公司，為台灣精品級人力資源整合平台
專注人力招募、教育訓練和人力派遣等多元化服務。透過專業的獵頭顧問及完善的人才資料庫，以高效率的團隊合作，使客戶與求職者獲得最有效準確之趨勢與資訊，以創造出更優質的專業服務體驗。",https://www.cake.me/companies/insearch
BC - CTO (Software),iN Search 卓恩管理顧問有限公司,Recruitment,IT,"CTO, Chief Technology Officer",Full-time,"Executive (VP, GM, C-Level)","Taipei City, Taiwan",1,15 years of experience required,Negotiable,[],"Responsibilities｜
Enlighten engineers to deliver world class & client satisfied services and stay tune with new technologies in the world.Identify business needs through combination of user research, collecting client feedback from cross-functional teammates, diving into data, and competitive analysis.Collaborate with other executives to algin with broad members in business situations and deliver win-win solutions.Act as tech pioneer to build awareness and understanding to make global team growth.Redefine global engineering resources to help business growth.","Requirements｜
10+ years’ experience in software product and holding Electrical or Computer engineering master’s degree.Solid experience in SaaS, E-commerce, logistics or AI-driven products.Proven record in reshape team culture and build up team from scratch.Had experience in live in EU or US or China is a huge plus.Great English communication skills.",https://www.cake.me/companies/insearch/jobs/bc-cto-software?locale=en,1 - 10 people,台北市松山區敦化北路167號14樓,"iN Search卓恩管理顧問有限公司，為台灣精品級人力資源整合平台
專注人力招募、教育訓練和人力派遣等多元化服務。透過專業的獵頭顧問及完善的人才資料庫，以高效率的團隊合作，使客戶與求職者獲得最有效準確之趨勢與資訊，以創造出更優質的專業服務體驗。",https://www.cake.me/companies/insearch
CMO - 行銷長 - Business Development and Marketing,"ELKROOM CO., LTD.",Information Services,Marketing / Advertising,"CMO, Chief Marketing Officer",Volunteer,"Executive (VP, GM, C-Level)",Taiwan,1,4 years of experience required,1 TWD / piece rate,[],"OXO Gameplay is a pioneering platform combining AI-powered gaming highlight tools and community-building, dedicated to creating seamless gaming experiences. With over 7 million downloads and a newly developed desktop version in the pipeline, we are expanding rapidly to become the go-to solution for gaming enthusiasts globally.
We are seeking a Chief Marketing Officer (CMO) to lead business development and marketing strategies for our desktop product and drive growth for our mobile app. If you have a passion for gaming, technology, and innovative marketing, we’d love to hear from you!","Qualifications:
4+ years of experience in marketing, business development, or related roles, with at least 3 years in a leadership position.Proven success in B2B business development, especially in SaaS, gaming, or video editing industries.Strong knowledge of digital marketing tools, user acquisition strategies, and data analysis.Experience in app growth marketing, including ASO and user funnel optimization.Excellent communication skills in both English and Chinese.Passionate about gaming and knowledgeable about gaming communities and trends.
Preferred Qualifications:
Previous experience in launching and scaling desktop or mobile software products.Familiarity with gaming content creation, AI tools, or video editing software.A proven network in the gaming or tech industry.
============================================================
Business Development for Desktop Version
Develop and execute B2B marketing and partnership strategies for the desktop version of OXO Gameplay.Identify potential collaboration opportunities with video editing studios, gaming influencers, and professional gaming communities.Explore and negotiate partnerships with international companies to expand the desktop product’s reach.
Growth Marketing for Mobile App
Design and implement growth strategies to boost user acquisition, engagement, and retention for the mobile app.Analyze market trends, user feedback, and performance data to identify growth opportunities.Optimize app store marketing (ASO) strategies, including creative campaigns, copywriting, and keyword targeting.
Revenue Growth
Develop and execute comprehensive strategies to drive revenue growth across both mobile and desktop platforms.Optimize and scale subscription models, including pricing strategies, promotional campaigns, and user retention efforts.Identify and implement new advertising opportunities, including partnerships with advertisers and in-app ad placement optimization.",https://www.cake.me/companies/elkroom/jobs/cmo-business-development-and-marketing?locale=en,1 - 10 people,台北市松山區南京東路四段1號,"ELKROOM is a software company founded by a group of passionate gamers who grew up with games as an integral part of their lives. Inspired by our own journey, we aim to create a platform that grows alongside players, offering unforgettable gaming experiences and cherished memories. Whether it’s capturing epic moments or sharing the joy and stories of gaming, we are dedicated to providing a space where players can connect, celebrate, and relive the magic of gaming.",https://www.cake.me/companies/elkroom
數位產品UIUX設計 | 產品長,宇宙製造股份有限公司,Software,Design,UI/UX Design,Full-time,"Executive (VP, GM, C-Level)","Zhongli District, Taoyuan City, Taiwan 320",1,5 years of experience required,"35,000 ~ 50,000 TWD / month","['Photoshop', 'Word', 'PowerPoint']","此為核心成員創業夥伴招募，希望對新創創業、做數位產品有熱情熱血的夥伴一起加入，一起打造出符合使用者需求的產品，以及更多有趣創新的數位工具！特質需求：宇宙製造是一個喜歡從生活中探索、挖掘痛點，並不斷製作出創新數位產品的新創團隊，
目前團隊以教育科技為核心出發，我們發現教育環境還有非常多有待幫助改善的地方，希望透過我們自身數位科技的專業，創造出能夠幫助社會的數位產品，讓人們的生活更便利～
若你跟我們有一樣的願景，希望跟宇宙製造一樣充滿熱血的夥伴，一起來聊聊吧！
專業需求：
UIUX產品設計、可從使用者、環境痛點中挖掘需求，並轉化為產品功能，實踐設計出來！
* 薪資股份面議",UIUX產品設計、可從使用者、環境痛點中挖掘需求，並轉化為產品功能，實踐設計出來！,https://www.cake.me/companies/polakids/jobs/digital-visual-designer-video-designer?locale=en,1 - 10 people,新北市三重區重新路一段108號3樓  /  桃園市中壢區新中北路499號3樓,"以科技結合教育為核心
幫助改善教育環境，提供更便利的數位應用解方，指引教育環境走向更美好的旅程。
教育科技項目包含：AI Solly社交練習小夥伴、教養陪跑親子教育諮詢平台、Polakids親子教養APP、DISC兒童性格特質分析專利、波拉星大冒險兒童特質學習桌遊以及玩麥塊學程式線上線下課程等",https://www.cake.me/companies/polakids
資訊主管,好德科技股份有限公司,Electronics / Telecommunications,IT,"CIO, Chief Information Officer",Full-time,"Executive (VP, GM, C-Level)","Songshan District, Taipei City, Taiwan",1,5 years of experience required,"1,100,000 ~ 1,350,000 TWD / year","['ODBC', 'Oracle', 'Vmware']",1.公司系統維運，熟鼎新Tiptop GP與Easy Flow GP佳。2.使用者系統需求訪談、分析，並提出解決方案。3.Oracle資料庫維護與管理。4.資通安全政策制定及推動。5.資訊部門年度計畫制定、預算編列與執行。6.集團網路架構規劃。7.跨部門溝通協調。8. 具資安經驗。,"1.積極，有責任感2.資管部門管理五年以上經驗3.軟,硬體,系統規劃及管理經驗4.資安規劃及管理經驗",https://www.cake.me/companies/howteh/jobs/information-manager-e42d6b?locale=en,51 - 200 people,台北市松山區敦化南路一段25號6樓,"經營理念
以良『好』的品『德』立業
40多年來好德在電子資訊科技領域的經營歷程中，紿終以實踐『重信樂群』、『提高品質』及『服務顧客』之核心價值為理念，致力為高科技產業的客戶群提供最佳的服務。
『好德企業』於2000年更名為『好德科技』，更加突顯、強調在高技科產業中，好德於『供應鏈』扮演『價值傳動』(Value Trans-Motor)的重要角色。
過去，好德有效的整合上、下游產業的需求，在『通路』的舞台上展現亮麗的成績，亦為客戶創造豐碩的成果，不僅獲得客戶的認同，並得到所有客戶的信賴與支持；在好德工作伙伴的勤奮耕耘下，使業績持續成長，改寫歷史；也讓我們的品質系統得到國際認證，順利升級到ISO9001(2000年版)，並名列於天下雜誌服務業前五百大排名內。
除了以上三項的核心價值，好德正積極推動『創新與成長』的經營理念，運用各種新的作業技術流程（Technology Logistics）及不斷引進新產品，充分發揮整合力量，提供客戶完整的解決方案（Total Solution Provide），讓客戶在『商流、資訊流、金流』上無後顧之憂，儼然在供應鏈上成為趨勢的領先者。
放眼未來，好德要以『重信樂群』、『提高品質』、『服務顧客』、『創新成長』的經營理念，滿足客戶的需求，並以全球化的思維，預先提供能為客戶提升競爭力的服務及附加價值，成為客戶最堅強且最不可或缺的合作夥伴！企業文化
好德人守則
01
忠實
忠是工作意願、敬業精神的表現，實是誠實待人，實實在在做人
02
有禮
君子的風範：重視禮節，高雅的節操；親切有禮，樸實的外表
03
守信
做人處事守信為重，誠信正直
04
勤儉
勤是認真負責，儉是重視工作成果有成本觀念
05
堅忍
勇者的表率，堅強的毅力健康的人格，相忍為先團體為重好德公司特質",https://www.cake.me/companies/howteh
Tech Lead,Leader Tech,Cyber Security,IT,Software Engineer,Full-time,"Executive (VP, GM, C-Level)","Taipei, Taiwan",1,10 years of experience required,"200,000 ~ 300,000 TWD / month",[],"職缺測試，請勿應徵。This job posting is for testing, please do not apply.",,https://www.cake.me/companies/leader-tech/jobs/tech-lead-57e036?locale=en,5001 -  people,"Taiwán, 聖羅倫佐巴拉圭",Leader Tech. Inc,https://www.cake.me/companies/leader-tech
行銷開發人員(承攬關係) 有轉正機會,鴻穀企業社,Fine Art,Sales,Enterprise Sales,Part-time,"Executive (VP, GM, C-Level)",Taiwan,2,1 years of experience required,"3,000 ~ 50,000 TWD / piece rate",[],"職位描述： 我們正在尋找具有行銷開發技能，對於開發有熱忱的行銷人員，主要負責市場拓展、客戶開發和維護等。此職位提供轉正機會，表現優異者可成為全職員工。

工作內容：
•市場拓展：擴大公司產品的市場佔有率。
•客戶開發：尋找並吸引新的潛在客戶。
•客戶維護：保持與現有客戶的良好關係，並促進二次銷售。
•行銷活動：策劃並執行有效的行銷策略和活動。


必要技能：
•熟悉市場行銷及開發流程，具有相關經驗者優先。
•優秀的溝通能力，能夠與客戶建立和維持良好的關係。
•具備獨立工作和團隊合作能力，能夠適應靈活的工作時間。
•熟練使用辦公軟體。
•能提供行銷活動案例或相關作品


薪資結構：
•按項目計酬。
•外勤工作薪資將提前告知並確認意願。

加分項目：
•具備行銷、商務或相關專業背景。
•有品牌設計或藝術療癒手作相關領域經驗。
•具備創新思維，能提出新穎的行銷策略。

工作地點：可遠端工作，我們位於台中。

應徵與面試：
職務聯絡人：黃翊涵
聯絡Email：[email protected]
電洽：0976342769
視訊：透過 Google Meet、Zoom 等其他通訊軟體，進行線上面試



【關於我們】
Instagram：turnsun_design
網址：https://linkgoods.com/turnsundesign",,https://www.cake.me/companies/turnsundesign/jobs/476d32?locale=en,1 - 10 people,台灣台中市,"Turnsun 設計位於台灣台中市，是一家專注於提供藝術療癒手作服務的品牌。我們的使命是透過藝術創作和手作活動，幫助人們找到內心的平靜與快樂，提升生活品質。
我們的服務範圍廣泛，包括：企業包班：為精品品牌、企業單位、汽車品牌等提供定制化的活動和禮品服務。
品牌活動：協助企業進行新品推廣、週年慶活動，結合手作霓虹燈 DIY 或訂製精緻禮品。
各式手作：提供藝術創作、沉浸式體驗等手作活動，滿足個人或團體需求。
品牌訂製禮品：根據客戶需求，設計和製作獨特的品牌禮品。
品牌貴賓體驗活動：為品牌貴賓提供特別設計的藝術療癒活動。
派對裝飾租借霓虹燈服務：提供求婚告白、生日派對、週歲派對等活動的霓虹燈道具租借服務。
我們的主要客戶包括行銷公司、精品品牌、企業單位、學校機構、汽車品牌、酒店和飯店等。
我們的合作夥伴遍布各行各業，共同創造了許多成功的案例。
我們的價值觀
創意與創新：不斷追求創意與創新，為客戶提供獨特而有價值的服務。
專業與品質：以專業的態度和高品質的服務贏得客戶的信任與滿意。
關懷與分享：關注員工的成長與發展，並積極回饋社會，與大家分享我們的成功。
如果你對藝術療癒和手作活動充滿熱情，歡迎加入 Turnsun 設計的團隊，和我們一起成長與創新，為更多人帶來美好與快樂的生活體驗。",https://www.cake.me/companies/turnsundesign
廣告業務經理/主管,INNITY TAIWAN LIMITED,Advertising,Sales,Account Manager,Full-time,"Executive (VP, GM, C-Level)","Zhongzheng District, Taipei City, Taiwan 100",3,1 years of experience required,"30,000 ~ 50,000 TWD / month",[],主要職責:-- 負責公司產品的銷售和市場推廣工作，達成銷售目標;- 制定並執行銷售策略，實現收入目標並最大化利潤- 與客戶建立良好的業務關係，跟進客戶需求，並提供專業的產品解決方案;- 持續跟踪市場動態和競爭對手情況，提出市場營銷策略和改進建議;- 分析市場趨勢並保持行業發展的最新動態;- 參與銷售團隊的培訓和管理，提高銷售團隊的業務水平和績效。,職位需要:-- 出色的人際交往和溝通能力，能夠建立並維護與客戶和合作夥伴的關係。- 能夠制定並執行與公司目標一致的銷售策略。- 出色的分析和解決問題的能力。- 能夠在快節奏的環境下獨立工作和團隊合作。- 流利的普通話和其他語言的能力為佳。語文條件- 英文(聽:中等、說:中等、讀:中等、寫:中等)- 中文(聽:精通、說:精通、讀:精通、寫:精通),https://www.cake.me/companies/innity-taiwan-limited/jobs/advertising-business-manager-supervisor?locale=en,201 - 500 people,"2F, No.24, Beiping E. Rd., Zhongzheng Dist., Taipei City 100, Taiwan (R.O.C)","1999年成立的Innity，是馬來西亞上市公司，已在12個國家設立據點。主要提供數位媒體行銷服務以及數位技術平台解決方案。
Innity據點遍布整個亞太地區，包括馬來西亞，新加坡，印尼，泰國，越南，菲律賓和香港，目前正在擴大到區域內的其他國家。網絡覆蓋超過10,000個網站，其中包括主要的新聞媒體和各大類型的網站，劃分為超過16個内容頻道，如科技類，時尚生活，汽車類，商業類，娛樂類等等的網站。
Innity的網路行銷方案提供多功能的富媒體廣告格式和以成效爲主的行銷方式來迎合國際大品牌和廣告代理公司，並且提供了多種互動性的廣告形式和創新的廣告模式的組合。",https://www.cake.me/companies/innity-taiwan-limited
華語文線上教育平台(韓國/日本)市場營運主管,尚進教育訓練有限公司,51 - 200 people,Management / Business,Global Business Development Manager,Full-time,"Executive (VP, GM, C-Level)","Xitun District, Taichung City, Taiwan 407",1,5 years of experience required,"40,000 ~ 100,000 TWD / month",[],1.新創品牌經驗：有新創品牌經驗者優先，能夠善用資源，創新思維，推動平台在日本/韓國市場上的發展。2.挑戰性及成長性：營運初期具有挑戰性和成長性，需要有高度的熱情和決心，能夠適應變化，積極追求公司的發展。3.規劃目標：負責制定日本/韓國市場的營運計劃和年度專案規劃，確保公司的目標得以實現。4.數據分析：收集、分析和解讀日本/韓國市場的數據，包括市場趨勢、競爭對手和消費者需求等，以優化營銷策略。5.團隊管理：有效管理營運團隊，協調團隊成員的工作，確保團隊達成目標，並提供必要的培訓和支持。6.熟悉市場：了解日本/韓國市場和大眾消費習慣，拓展市場。7.語言能力：精通日本語/韓語和商業日/韓語，能夠流利地溝通和協商，具備良好的跨文化交流能力。,,https://www.cake.me/companies/scedu/jobs/694c6f?locale=en,"Taiwan, 台中市西屯區至善路250號2 樓",,"「尚進美日韓語」重視每一位員工的職涯發展，提供現代化的辦公室與設備，讓員工在身心靈豐富的狀態下，創造出更好的工作成效。我們提供夥伴最多的優渥福利、給學員最好的教學品質，歡迎對外語學習產業有興趣的夥伴加入，一同創造雙贏的外語學習品牌。

我們提供了最人性化的產品服務，期望能成為台灣最具影響力且獨具一格之外語學習品牌，並達成雙語國家、人人都能說外語的願景。
打破學習者對學外語的恐懼提供明確完整合適學習方向大幅提升對外語學習的熱情讓您開口學外語變得更有趣",https://www.cake.me/companies/scedu
不動產營業員，無經驗可，保底+津貼,住商三民後驛加盟店,Marketing / Communications,Logistics / Trade,Supply Chain Manager,Full-time,"Executive (VP, GM, C-Level)","Sanmin District, Kaohsiung City, Taiwan 807",1,No requirement for relevant working experience,"26,400 TWD / month","['Word', 'Excel']","住商不動產-三民後驛店不論您是否有房地產經驗 我們將非常歡迎您加入我們的大家庭 
不用害怕沒經驗,只要肯學,沒什麼不可以的 
積極不懈的精神下,創造更好的收入,我們將輔助您能達到好的成績。 
工作內容     
1.無房仲相關經驗可。
2.二度就業或轉換跑道者皆可 。
3.具挑戰的企圖心/對房仲業具工作熱忱。 
4.願意主動學習。 
5.具備服務特質佳。 
6.歡迎同業加入。 
7.業務新手專人輔導。 
8.強力募集業務高手 。
選對『行業』是踏出成功的第一步 。
選對『公司』真正讓你實現夢想。
房仲業之所以吸引許多人爭相加入，除了工作帶來的成就感，另外個人收入亦是一大亮點，創造事業的高峰讓人趨之若鶩，成就一生的機會要您自己掌握。","個人特質
需具備良好的溝通能力、能獨立作業也能與團隊並肩攜手合作
能用不同角色、角度分析事件，並勇於挑戰難題
個性主動積極、有耐心並樂觀，對待客戶能有效率解決問題",https://www.cake.me/companies/hbhousing-web-d175/jobs/9b3509?locale=en,11 - 50 people,台灣高雄市三民區博愛一路135號,"住商不動產-三民後驛加盟店-大疆不動產仲介經紀有限公司
深耕台灣，放眼全球的優質房仲品牌，為房仲業新勢力、掌握趨勢、開創新紀元、一步一腳印邁向成為在地大品牌 !
住商不動產-三民後驛加盟店-大疆不動產仲介經紀有限公司
企業文化「熱愛學習，參與公益，淨化心靈」為高雄房仲業新勢力！
住商不動產-三民後驛加盟店-大疆不動產仲介經紀有限公司
快速提供行政業務支援及各項專業諮包含不動產買賣、租賃、節稅規劃、不動產履約保證，法拍屋代標售、不動產理財投資，目前更跨足土地開發、總體營建計劃開發案 !
「使客戶滿意」，道盡了本店長久以來的努力與決心，雖然只有短短五個字，但為了這五個字，我們卻是一步步的腳踏實地前進，為有深耕基礎，才能築起
萬丈高樓，一根彎的越低垂的稻草桿，所結的稻穗也就越飽滿。
「住商不動產-三民後驛加盟店」了解您的心，秉持五大信念:
1.熱心服務－以熱情、用心的服務態度，讓客戶得到最大的滿意。
2.深耕社區－在地經營、在地生根，為社區服務，耕耘社區。
3.誠信專業－誠信原則、專業素養，求取交易圓滿喜悅。
4.共享資源－與同業共創利益、共享資源，以爭取三贏。
5.共同成長－深耕大高雄，與大高雄發展共同成長。
經營理念
二、企業願景(五大目標)
● 建立高雄區店頭市佔率目標
● 永續經營，開枝散葉，建立企業良好口碑
● 共創雙贏之協同合作，維繫合作伙伴之關係
● 打造舒適完善之作業空間，給予員工最適時之資源協助
● 建立水平式階級之企業文化，廣納、聆聽員工之意見
三、我們的特色(五大理念)
● 擁有專業之教育訓練活動課程
● 擁有公平公正公開之完善制度
● 擁有一套簡易且便捷的房管資訊系統
● 提供客製化的服務，以滿足不同客戶之需求
● 提供客戶最即時且最完善之購屋資訊
主要商品 / 服務項目
不動產房屋買賣-不動產仲介-租賃-商用不動產-地政士(代書)業務
你還在努力的付出人力嗎?
努力的付出人力，卻是讓你不停的換工作？
人才是為自己的事業打拼，
然而專業和精準是人才的重要條件，
人力是隨處可得，人才卻是需要被發掘培育的，
加入我們，
我們可以發掘你的才能，
走進我們的行列，
你才有可能享受年薪百萬，
無經驗、無背景皆可，
只要你有一顆誠摯的心，和忠誠服務客戶的心，
歡迎您加入住商不動產-三民後驛加盟店。",https://www.cake.me/companies/hbhousing-web-d175
轉職首選、房仲業務專員、二度就業,住商三民後驛加盟店,Marketing / Communications,Logistics / Trade,Supply Chain Manager,Full-time,"Executive (VP, GM, C-Level)","Sanmin District, Kaohsiung City, Taiwan 807",1,No requirement for relevant working experience,"26,400 TWD / month","['Word', 'Excel', 'Microsoft Office']","大疆不動產仲介有限公司-黃鎂玉經理
不論您是否有房地產經驗 我們將非常歡迎您加入我們的大家庭 
不用害怕沒經驗,只要肯學,沒什麼不可以的 
積極不懈的精神下,創造更好的收入,我們將輔助您能達到好的成績。
工作內容
1. 完整教育訓練~培訓考取專業證照。  
2.提供客戶資料~可讓新人有客戶來源。 
3.開發、拜訪客戶並針對客源進行電話行銷。
4.熟悉銷售之產品、協助客戶瞭解銷售內容 。
5.提供客戶專業的房地諮詢，透過電腦雲端平台協助客戶配對合適房屋。  

#Line_ 客服妹_親
 https://hbz.page.link/jJXH
#徵的就是你 _ 菁英看過來
 https://hbz.page.link/6KwD
#住商官網 _ 區域找房_按我
 https://hbz.page.link/1ocb
#最新好物 _ 首推FB_親
 https://hbz.page.link/sKx5
#高雄市三民區博愛一路135號
 https://hbz.page.link/ks4i","房仲業之所以吸引許多人爭相加入，除了工作帶來的成就感，另外個人收入亦是一大亮點，創造事業的高峰讓人趨之若鶩，成就一生的機會要您自己掌握。
1.無房仲相關經驗可。
2.二度就業或轉換跑道者皆可 。
3.具挑戰的企圖心/對房仲業具工作熱忱。
4.願意主動學習。
5.具備服務特質佳。
6.歡迎同業加入。
7.業務新手專人輔導。
8.強力募集業務高手 。
選對『行業』是踏出成功的第一步 。
選對『公司』真正讓你實現夢想。",https://www.cake.me/companies/hbhousing-web-d175/jobs/ce5d60?locale=en,11 - 50 people,台灣高雄市三民區博愛一路135號,"住商不動產-三民後驛加盟店-大疆不動產仲介經紀有限公司
深耕台灣，放眼全球的優質房仲品牌，為房仲業新勢力、掌握趨勢、開創新紀元、一步一腳印邁向成為在地大品牌 !
住商不動產-三民後驛加盟店-大疆不動產仲介經紀有限公司
企業文化「熱愛學習，參與公益，淨化心靈」為高雄房仲業新勢力！
住商不動產-三民後驛加盟店-大疆不動產仲介經紀有限公司
快速提供行政業務支援及各項專業諮包含不動產買賣、租賃、節稅規劃、不動產履約保證，法拍屋代標售、不動產理財投資，目前更跨足土地開發、總體營建計劃開發案 !
「使客戶滿意」，道盡了本店長久以來的努力與決心，雖然只有短短五個字，但為了這五個字，我們卻是一步步的腳踏實地前進，為有深耕基礎，才能築起
萬丈高樓，一根彎的越低垂的稻草桿，所結的稻穗也就越飽滿。
「住商不動產-三民後驛加盟店」了解您的心，秉持五大信念:
1.熱心服務－以熱情、用心的服務態度，讓客戶得到最大的滿意。
2.深耕社區－在地經營、在地生根，為社區服務，耕耘社區。
3.誠信專業－誠信原則、專業素養，求取交易圓滿喜悅。
4.共享資源－與同業共創利益、共享資源，以爭取三贏。
5.共同成長－深耕大高雄，與大高雄發展共同成長。
經營理念
二、企業願景(五大目標)
● 建立高雄區店頭市佔率目標
● 永續經營，開枝散葉，建立企業良好口碑
● 共創雙贏之協同合作，維繫合作伙伴之關係
● 打造舒適完善之作業空間，給予員工最適時之資源協助
● 建立水平式階級之企業文化，廣納、聆聽員工之意見
三、我們的特色(五大理念)
● 擁有專業之教育訓練活動課程
● 擁有公平公正公開之完善制度
● 擁有一套簡易且便捷的房管資訊系統
● 提供客製化的服務，以滿足不同客戶之需求
● 提供客戶最即時且最完善之購屋資訊
主要商品 / 服務項目
不動產房屋買賣-不動產仲介-租賃-商用不動產-地政士(代書)業務
你還在努力的付出人力嗎?
努力的付出人力，卻是讓你不停的換工作？
人才是為自己的事業打拼，
然而專業和精準是人才的重要條件，
人力是隨處可得，人才卻是需要被發掘培育的，
加入我們，
我們可以發掘你的才能，
走進我們的行列，
你才有可能享受年薪百萬，
無經驗、無背景皆可，
只要你有一顆誠摯的心，和忠誠服務客戶的心，
歡迎您加入住商不動產-三民後驛加盟店。",https://www.cake.me/companies/hbhousing-web-d175
房屋仲介開發行銷專員~專人培訓,住商三民後驛加盟店,Marketing / Communications,Logistics / Trade,Supply Chain Manager,Full-time,"Executive (VP, GM, C-Level)","Sanmin District, Kaohsiung City, Taiwan 807",1,No requirement for relevant working experience,"26,400 TWD / month","['Word', 'Microsoft Office', 'Excel']","大疆不動產仲介有限公司-黃鎂玉經理
不論您是否有房地產經驗 我們將非常歡迎您加入我們的大家庭 
不用害怕沒經驗,只要肯學,沒什麼不可以的 
積極不懈的精神下,創造更好的收入,我們將輔助您能達到好的成績。
工作內容
1. 完整教育訓練~培訓考取專業證照。  
2.提供客戶資料~可讓新人有客戶來源。 
3.開發、拜訪客戶並針對客源進行電話行銷。
4.熟悉銷售之產品、協助客戶瞭解銷售內容 。
5.提供客戶專業的房地諮詢，透過電腦雲端平台協助客戶配對合適房屋。  

#Line_ 客服妹_親
 https://hbz.page.link/jJXH
#徵的就是你 _ 菁英看過來
 https://hbz.page.link/6KwD
#住商官網 _ 區域找房_按我
 https://hbz.page.link/1ocb
#最新好物 _ 首推FB_親
 https://hbz.page.link/sKx5
#高雄市三民區博愛一路135號
 https://hbz.page.link/ks4i","房仲業之所以吸引許多人爭相加入，除了工作帶來的成就感，另外個人收入亦是一大亮點，創造事業的高峰讓人趨之若鶩，成就一生的機會要您自己掌握。
1.無房仲相關經驗可。
2.二度就業或轉換跑道者皆可 。
3.具挑戰的企圖心/對房仲業具工作熱忱。
4.願意主動學習。
5.具備服務特質佳。
6.歡迎同業加入。
7.業務新手專人輔導。
8.強力募集業務高手 。
選對『行業』是踏出成功的第一步 。
選對『公司』真正讓你實現夢想。",https://www.cake.me/companies/hbhousing-web-d175/jobs/827176?locale=en,11 - 50 people,台灣高雄市三民區博愛一路135號,"住商不動產-三民後驛加盟店-大疆不動產仲介經紀有限公司
深耕台灣，放眼全球的優質房仲品牌，為房仲業新勢力、掌握趨勢、開創新紀元、一步一腳印邁向成為在地大品牌 !
住商不動產-三民後驛加盟店-大疆不動產仲介經紀有限公司
企業文化「熱愛學習，參與公益，淨化心靈」為高雄房仲業新勢力！
住商不動產-三民後驛加盟店-大疆不動產仲介經紀有限公司
快速提供行政業務支援及各項專業諮包含不動產買賣、租賃、節稅規劃、不動產履約保證，法拍屋代標售、不動產理財投資，目前更跨足土地開發、總體營建計劃開發案 !
「使客戶滿意」，道盡了本店長久以來的努力與決心，雖然只有短短五個字，但為了這五個字，我們卻是一步步的腳踏實地前進，為有深耕基礎，才能築起
萬丈高樓，一根彎的越低垂的稻草桿，所結的稻穗也就越飽滿。
「住商不動產-三民後驛加盟店」了解您的心，秉持五大信念:
1.熱心服務－以熱情、用心的服務態度，讓客戶得到最大的滿意。
2.深耕社區－在地經營、在地生根，為社區服務，耕耘社區。
3.誠信專業－誠信原則、專業素養，求取交易圓滿喜悅。
4.共享資源－與同業共創利益、共享資源，以爭取三贏。
5.共同成長－深耕大高雄，與大高雄發展共同成長。
經營理念
二、企業願景(五大目標)
● 建立高雄區店頭市佔率目標
● 永續經營，開枝散葉，建立企業良好口碑
● 共創雙贏之協同合作，維繫合作伙伴之關係
● 打造舒適完善之作業空間，給予員工最適時之資源協助
● 建立水平式階級之企業文化，廣納、聆聽員工之意見
三、我們的特色(五大理念)
● 擁有專業之教育訓練活動課程
● 擁有公平公正公開之完善制度
● 擁有一套簡易且便捷的房管資訊系統
● 提供客製化的服務，以滿足不同客戶之需求
● 提供客戶最即時且最完善之購屋資訊
主要商品 / 服務項目
不動產房屋買賣-不動產仲介-租賃-商用不動產-地政士(代書)業務
你還在努力的付出人力嗎?
努力的付出人力，卻是讓你不停的換工作？
人才是為自己的事業打拼，
然而專業和精準是人才的重要條件，
人力是隨處可得，人才卻是需要被發掘培育的，
加入我們，
我們可以發掘你的才能，
走進我們的行列，
你才有可能享受年薪百萬，
無經驗、無背景皆可，
只要你有一顆誠摯的心，和忠誠服務客戶的心，
歡迎您加入住商不動產-三民後驛加盟店。",https://www.cake.me/companies/hbhousing-web-d175
專案經理/專案主管,悅慶資訊有限公司,Software,IT,Technical Manager,Full-time,"Executive (VP, GM, C-Level)","Zhongshan District, Taipei City, Taiwan 10491",2,"60,000 ~ 100,000 TWD / month",Managing 5-10 staff,[],工作內容 :1. 負責管理專案開發流程，擬定專案範疇、規劃時程、協調驗收。2. 確保專案符合成本、品質、規格目標。3. 與客戶維繫良好溝通管道，將客戶需求轉換為專案開發目標。4. 負責協調專案人力，分派專案任務與提供資源協助。5. 專案風險控管，監控專案進度(SPI、CPI)，問題追蹤及彙整分析。,1. 具備1年以上專案管理經驗2. 具備責任心和使命感，熱愛團隊管理工作3. 有領導力和執行力，能有效組織團隊達成專案目標4. 擁有良好的溝通協調能力，善於歸納與掌握客戶需求,https://www.cake.me/companies/macnetdesign/jobs/project-manager-project-supervisor?locale=en,51 - 200 people,台北市松山區南京東路五段16號11樓之三,"悅慶資訊成立於西元1998年，早期業務以電腦軟硬體、系統整合為主，為公司的未來打下堅強的基礎，後期更將服務延伸至軟體開發、網頁開發、企業產品開發、資訊管理專業顧問等服務。除了原本的主要客群，金融、產險、壽險以及其他公部門外，服務領域更擴大至電商平台、醫療系統、科技產業等等大型企業。
我們是一個年輕具有活力的團隊。上班時喜歡互相討論、腦力激盪解決問題，下班後一起打屁聊天、打球運動、喝酒聚餐。
公司採用開放的管理風格，讓每位擅於自我管理的同仁可以自由發揮、表達自我意見，我們期許在悅慶的每位同仁都能夠充分展現自我，創造出對客戶、公司以及自我的價值。
歡迎所有具有挑戰和創新精神的人才加入。",https://www.cake.me/companies/macnetdesign
工地主任,昌禾開發建設股份有限公司,Building / Public Works,Construction,Construction Manager,Full-time,"Executive (VP, GM, C-Level)","Hsinchu, Hsinchu City, Taiwan",10,"30,000 ~ 50,000 TWD / month",Managing 5-10 staff,[],1.分項工程現場指揮與督導。2.分項工程估驗計價。3.預先檢查分包商廠商施工前之準備工作。4.具有進度表編排能力，對工程施工進度能確實追蹤與掌控。5.負責現場管理，進度掌握，工班協調．人力及機械安排。6.施工管理、預算管控並處理突發事件。7.施工品質之查驗及督導。,1.建設公司或營造廠工務主管3年以上經驗尤佳。2.具勞安．工地主任證照者尤佳。3.自備交通工具。,https://www.cake.me/companies/ch-arch/jobs/site-director-3696fd?locale=en,51 - 200 people,新竹市北區中正路107號9F之7,"本公司成立於97年，負責人為楊勝翔（為昌益事業群延伸公司），主要發展方向為集合住宅開發興建及銷售，分公司１家。歡迎一同加入本公司行列！
經營理念
本持誠信服務品質及創新之性念提供購屋大眾一可靠優質之住宅",https://www.cake.me/companies/ch-arch
經營管理主管,華成自動化設備股份有限公司,Electronics / Telecommunications,Management / Business,Organization Management,Full-time,"Executive (VP, GM, C-Level)",1,"60,000 ~ 100,000 TWD / month",Managing 15+ staff,,[],"華成自動化設備隸屬於PSA華科事業群，主要提供自動化技術服務、自動化開發設計及各類生產設備製造銷售。
【職務描述】
1. 負責公司營運績效分析及改善
2. 研擬營運計劃及年度專案規劃3. 控制預算及成本支出，確保公司營運穩定成長
4. 規劃及改善公司制度以符合經營管理需求
5. 追蹤並監督各部門工作進度，確保專案準時完成
6. 需具備良好英文溝通能力7. 有自動化設備業經驗

【員工福利】1. 國內外旅遊/旅遊補助
2. 部門聚餐/電影觀賞
3. 員工紅利/年終獎金/三節獎金及禮品
4. 結婚禮金/生育津貼
5. 急難補助
6. 伙食津貼/員工團體保險
【公司制度】1. 年終(績效)獎金：視個人工作績效評核
2. 盈餘分紅：視年度營運狀況及個人績效評核
3. 團保：壽險、意外險、醫療險、眷屬團險
4. 旅遊：國內外旅遊/補助
5. 福利措施：生日禮券、員工婚喪/生育補助、三節禮券(禮品)、電影票及知名餐券發送、特約商店等
6. 廠內設有員工汽車、機車停車場
7. 每年員工精緻完整健康檢查","工作經歷：10年以上
學歷要求：專科、大學、碩士
科系要求：電子電機相關、機械工程相關、商業及管理學科類、工程學科類
語文條件：英文 -- 聽 /中等、說 /中等、讀 /中等、寫 /中等
擅長工具：Excel、Outlook、PowerPoint、Word、AutoCAD、PLC
具備駕照：輕型機車、普通重型機車、普通小型車
其他條件：(1)具10年以上營運管理經驗。 (2)可配合國內外出差。",https://www.cake.me/companies/hwachen-auto/jobs/operations-management-supervisor?locale=en,11 - 50 people,高雄市前鎮區東十街一號一樓,華成自動化設備隸屬於PSA華科事業群，主要提供自動化技術服務、自動化開發設計及各類生產設備製造銷售，致力於智慧型生產與客製化服務。隨著趨勢走入工業4.0階段，華成也積極發展應用技術跟進產業需求，以開放的視野鼓勵員工創新，開發出使生產更便利更迅速的設備，站穩台灣放眼國際。,https://www.cake.me/companies/hwachen-auto
Project Manager專案與推廣經理,社團法人台灣聯合動物公園協會,NGO,Media / Communication,Project Management,Full-time,"Executive (VP, GM, C-Level)",1,"30,000 ~ 35,000 TWD / month",Managing 1-5 staff,Project Manager專案與推廣經理,"['Project Manager', '專案與推廣經理']","【工作內容】對於動保議題長期關注，擅長與人溝通協調，策略規劃，執行能力。
負責管理協會三大專案，拓展友善商店之合作,教育推廣中心2021年度任務,包含動保微電影拍攝,動保行動藝術:人類市集,與海外藝術家洽談年度動保行動藝術之合作案。與香港,印尼當地NGO進行交流,考察，並完成祕書長交付之事項。 
-確保聯合動物公園協會在台灣品牌能見度(網路、媒體、其他)。
-充份掌握並理解台灣聯合動物公園三大議題，
  -管理專案進度，確保三大專案能有效執行。 
 

-  邀請市民參與協會行動藝術者。並提供傳播策略，透過媒體與網路進行推廣

【工作地點】· 台北市萬華區辦公室【工作時間】· 10：00-17：00，工作7小時＋午休1小時· 周休二日，紅字就休【薪資】· 月薪：35000元· 全勤獎金
【註】1. 協會內有會貓，若怕貓或對貓過敏者請斟酌。2. 我們將非常用心地進行人才面試工作，更期待應徵者事前先認識台灣聯合動物公園協會.台灣聯合動物公園協會
.教育推廣中心
.動物公園貓咪農場建立

◆ 福利/獎勵 / 三節禮品
1.基本勞保,健保,勞退2.年度獎勵3.三節禮金/禮品4.交通輔助5.出勤獎勵6.進修課程補助◆ 協會文化1.注重溝通協調,多元及人性化管理2.升遷管道透明3.完整培訓制度及教育訓練◆ 請 / 休假制度1. 周休2日2. 特休3. 生日假4. 女性生理假5.國定假日◆ 娛樂休息1.年度晚宴2.戶外登山,走訪大自然,海邊3.每季聚餐4.運動時間:腳踏車,跑步,足球等等5.出差至外縣市6.表現良好之員工:香港,印尼NGO參訪協會官方網站http://www.animalspark.org.tw台內團字第1070023891號法院登記簿：第148冊第49頁第3157號台灣聯合動物公園協會本會成立的宗旨即在於宣導尊重生命及愛護動物的觀念，督促政府以人道方式解決流浪動物造成的社會及環境問題，提升台灣國際形象，使動物免於流浪及虐待，直到街上沒有流浪動物為止。協會三大議題包含1教育推廣計畫2收容所及愛媽狗園問題3動物公園收容教育中心建立為了完成協會三大議題，我們一路堅持三大信念：乾淨：財政透明清楚獨立，不含任何政治色彩，維持公平、公正；溫馨：面對毛小孩們及支持我們的民眾，甚至所有的人，永遠保持最溫暖的心，用愛去關懷整個社會；低調：我們從來不刻意曝光，不刻意追求知名度，販賣同情，有沒有人知道我們，其實並不重要，我們更在乎的事，有沒有把動保這個事情做好，有沒有更多人知道動保這個事情，是我們協會更在乎的事。","-團隊管理經驗。
-願意配合出差。
-具備媒體網路及公關公司經驗。
-具備海外工作經驗者佳 
-具備中英文溝通及閱讀能力。",https://www.cake.me/companies/Tuapa/jobs/7ba160?locale=en,1 - 10 people,台北市萬華區德昌街208號1樓,"協會緣起： 於2013年間由古亭社區愛貓人士組成臉書粉絲團 「貓腳印中途之家 」期間粉絲團參與了認養/送養會，收容所支援，街頭宣導教育， 每一次的活動都讓我們心中有著滿滿的愛, 隨著團員搬離社區，粉絲團逐漸解散，心中滿是遺憾， 但對於愛貓,愛狗甚至愛護動物的心情，完全沒有減少過。我們於2017年八月召集30名過去粉絲團的好友們，一起發起成立「台灣聯合動物公園協會」，一路上歷經波折，最後我們在 2018年3月24日合法立案。
台灣聯合動物公園協會本會成立的宗旨即在於宣導尊重生命及愛護動物的觀念，督促政府以人道方式解決流浪動物造成的社會及環境問題，提升台灣國際形象，使動物免於流浪及虐待，直到街上沒有流浪動物為止。協會三大議題包含1.教育推廣中心 2.動物公園貓咪農場建立 3.收容所及愛媽狗園問題為了完成協會三大議題，我們一路堅持三大信念：乾淨：財政透明清楚獨立，不含任何政治色彩，維持公平、公正；溫馨：面對毛小孩們及支持我們的民眾，甚至所有的人，永遠保持最溫暖的心，用愛去關懷整個社會；低調：我們從來不刻意曝光，不刻意追求知名度，販賣同情，有沒有人知道我們，其實並不重要，我們更在乎的是，有沒有把動保這個事情做好，有沒有更多人知道動保這個事情，是我們協會更在乎的事。
台內團字第1070023891號法院登記簿：第148冊第49頁第3157號",https://www.cake.me/companies/Tuapa
資深軟體工程師 Senior Software Engineer,晶絡科技股份有限公司,Software,IT,Research / R&D,Full-time,"Executive (VP, GM, C-Level)",2,"60,000 ~ 120,000 TWD / month",C++CLinux,Personal Invitation Link,"['C++', 'C', 'Linux']","1. 負責軟體之分析、設計以及程式撰寫。2. 規劃執行軟體架構及模組之設計，並控管軟體設計進度。3. 進行軟體之測試與修改。4. 規劃、執行與維護量產的產品。5. 協助研發軟體新技術與新工具。6. 熟 LINUX 作業系統 與 C 語言佳。7. 熟 WIFI BLE 或網路驅動程式 佳。8. 熟 PLC 網路拓樸程式 佳。9. 面對程式問題與挑戰時，具有信心與能力解決問題的野心並且展現強烈團隊合作的精神。1. Responsible for software analysis, design, and program writing2. Planning and execution of software & module design; software design progress control3. Software testing & modification4. Plan, execute, and maintain products in mass-production.5. Assist in the development of new software technologies and tools.6. Experience with LINUX operating systems and C programming language.7. Experience with Wi-Fi, Bluetooth Low Energy, or network drivers.8. Experience with PLC network Topology development.9. Ambitious, interest and ability to solve problems, and a strong sense of teamwork","LinuxGithubCC++TCLBridgesiptablesLANTCP/IPWLAN* Bachelor's degree in Computer Science, related technical field, or equivalent practicalexperience.* 5 years of relevant work experience in system software development (e.g., kernel, device drivers, firmware, software that manages kernels, machines, or devices).* Experience with developer operations, release management, and integration testing.* Experience with open source development.* Experience with wireless protocols, plc network topology, writing and debugging system software (e.g., kernel, device drivers, firmware), and embedded systems.",https://www.cake.me/companies/akiranet/jobs/senior-software-engineer-08885a?locale=en,11 - 50 people,南京西路62號14樓,"Headquartered in Taipei, Taiwan, AkiraNET is a virtualized fabless chipmaker specializing in software-defined radio chipset solutions.
We are currently developing finished-goods reference designs for Wi-Fi 6E mesh network and IoT MIMO antenna products to help transform the home networking market.
We invite forward-looking, results-oriented professionals to apply for our open positions and help support our expansion.",https://www.cake.me/companies/akiranet
品牌顧問,四囍國際時尚流行有限公司,11 - 50 people,Customer Service,Visual Merchandiser,Full-time,"Executive (VP, GM, C-Level)",1,"30,000 ~ 70,000 TWD / month",,Personal Invitation Link,[],1.品牌定位2.品牌策略3.品牌行銷4.品牌設計(吊牌、LOGO、周邊),懂營運、懂市場、懂設計、懂預算、懂行銷,https://www.cake.me/companies/7sevengirls/jobs/brand-consultant?locale=en,桃園市大溪區仁善街108-3號,,四囍致力於25-45歲的都會女性提供簡潔.內涵.時尚.精致.風格的服飾。我們有著國際視野的開發團隊.所生産的商品與國際品牌三宅一生.CHANEL等相同的生產團隊.我們堅持著完美的品質。對於市場的變化.和成熟的消費者.我們對市場審視和分析以高度感性及高品質的産品走平價的路線強化設計及品質的優勢。而面對市場的亂象我們依然挑戰著市場提供平價及舒適的布料堅持提供城市新貴簡潔.內涵.精致的時尚的選擇。最後請給我們支持和鼓勵.我們會做的更好！,https://www.cake.me/companies/7sevengirls
軟體研發設計資深工程師(ACS),Altek 華晶科技,Semiconductor,IT,Other,Full-time,"Executive (VP, GM, C-Level)",3,"60,000+ TWD / month",IoTEmbeddedRTOS,Personal Invitation Link,"['IoT', 'Embedded', 'RTOS']",IoT and Home Security Products software.Use C language on RTOS/embedded linux platform to connect cloud and develop the AI related video applicatio on IoT and Home security product.,"Programming experience in C/C++ with Debugging ExperienceEmbedded Linux programming skill is a mustRTOS programming skill is a plusAt least 5+ years of working experience in embedded system software developmentIP camera product experience is preferredCloud Experience is Preferred. AWS,Alibabacloud,webRTCmqtt,KVS..etcVideo related experience is preferred.(H.264,AAC,RTP,RTMP,RTSP...)Android App or iOS app develop experienced is a plus",https://www.cake.me/companies/altek_taiwan/jobs/9464f1?locale=en,501 - 1000 people,新竹市新竹科學園區力行路12號,"Altek Corporation was established in 1996, with corporate executive officer Alex Hsia joining force with renowned corporation and major bank. From day one, Altek strived to achieve excellence in the R&D and manufacture of digital camera. At one point, Altek Corporation became one of the world’s top DSC ODM (Original Design Manufacturer) of the world. In the recent years, Altek expanded into the smartphone imaging, medical Imaging, autotronic Imaging, and other new businesses. Over the years, Altek demonstrated its ability as an entrepreneur solution provider for various imaging technologies, as to fulfill its corporate motto: “To deliver innovated imaging solution to help people for a better life.” Year 2013 is the year of transformation for Altek corporation, where businesses in emerging new technologies have achieved fifty-percent of total corporate earnings.

--
1996年，夏汝文總經理結合國內知名企業集團與知名銀行，在台灣成立了華晶科技股份有限公司。草創之初，華晶科技專注於數位相機(DSC)產品的研發與製造，經過十餘年的戮力經營與發展，一度成為全球最大數位相機設計與製造大廠。近年，華晶科技更陸續投入手機影像市場、汽車工業、醫療電子以及其他數位影像的新興應用市場，致力提供創新且多元的影像解決方案，使人們不僅能擁有美好回憶，也能擁有美好的生活。2013年，是華晶科技的轉型元年，在新興數位影像應用市場的營收比重已達50%以上。
華晶科技是數位影像的專家，將不斷地自我超越，於數位相機、手機影像市場、汽車工業、以及醫療電子各領域，亦將持續提供專業影像解決方案，為人們帶來更美好的生活。未來，華晶科技將藉由創新的產品思惟，把數位影像與多元的應用結合，成為更使用者導向、更趨勢導向的數位影像解決方案供應商。
過去十餘年來，華晶科技已經成功站上全球數位相機一線大廠之列。而接下來，華晶科技與集團子公司將憑藉著在數位影像上的專業能力，跨入更多元的領域，繼續致力於造福人群的技術與產品，並為股東、為社會創造更大的價值。",https://www.cake.me/companies/altek_taiwan
Unreal與Unity 3D軟體遊戲開發工程師：矽谷新創公司在台灣建立技術團隊,萬達人工智慧科技股份有限公司,1 - 10 people,Game Production,Unity Game Developer,Full-time,"Executive (VP, GM, C-Level)",1,"60,000 ~ 80,000 TWD / month",UrealUnity 3D,Personal Invitation Link,"['Ureal', 'Unity 3D']","【公司名稱】
矽谷新創公司The Grail VR 在台灣尋找AR/VR軟體開發工程主管與創業伙伴
The Grail VR為專業設計製作AR/VR/MR開發的公司，官方網站請參考：
https://thegrailvr.com
我們使用Magic Leap One眼鏡/HTC VIVE/手機，已經上線的遊戲產品請參考Youtube：
https://www.youtube.com/channel/UCWSlYiFdGgjGFOU8JDb26hw
【公司地址】
No. 511, Fremont Street, Suite 707, San Francisco, CA 94105, USA
【上班地點】
新北市中和區中正路866之6號9樓【工作內容】
以Unreal /C++，開發新的中文,日文及英文版MR/AR/VR平台及產品
構建最先進的混合實境及擴增實境方案，例如用於Magic Leap, HTC Vive及手機
開發及支援高品質、可靠度高的互動性應用
配合團隊提供數位資產、工作流程及研發的最佳實施架構
對於專案設計流程及工具提出建議及改善方案
參與創意性腦力激盪討論，開發創新的VR/AR體驗
對於如何構建有效率的產品製作流程提出建議與經驗
能夠與產業當中最新趨勢同步，並可提出技術創新想法
能夠與不同功能團隊配合工作，確保進行的專案能夠及時完成
【工作態度】
能夠保持彈性及高度意願來研習專案所需要的新技術
能夠成功地扮演好做為開發團隊的一份子
優質的溝通技巧與能力
能夠自我激勵，並且是良好的溝通角色及團隊成員
具備將概念設計轉化成高品質的互動方案的能力
能夠深入研究複雜的系統，並迅速得到結論
對於學習新觀念與技術保持高度進取的態度
具備動機與能力能夠獨立進行工作
具備良好的組織能力與解決問題技巧，對於細節能夠保持關注
具有軟體版本控制的經驗","【技術專長】資訊科學或相關科系大學及以上學歷Unreal 三年以上開發經驗，如果是開發遊戲更佳3D 繪圖引擎使用經驗，例如Unity 3D, Unreal, CryEngine等有使用任何下列平台的遊戲開發(AR/VR)，以及完整工作流程的經驗，包括ARKit, ARCore , HTC Vive, Oculus Rift, HTC Vive, Mobile IOS/Android具備撰寫、產生及遵循專案開發規格的能力，並且準確及有效率地完成具備使用第三方API, SDK, Plug-in的豐富經驗具有最新繪圖API的經驗手機遊戲開發(iOS/Android)一年以上經驗可以閱讀英文操作說明，與美國團隊溝通【經驗或資歷者更佳】具有機器學習(Machine Learning)與深度學習(Deep learning)的開發經驗具有物件辨識與追蹤的開發經驗具有Kinect, Leap Motion, 手勢辨識的開發經驗具有3D深度感測器與映射技術能力手機遊戲開發經驗(iOS/Android) ARKit, ARCore行動/網頁開發經驗，並具備橫跨多種裝置(Windows, iOS, Android)、工具(例如JavaScript, C#, Swift)及frameworks(例如Node.js, Angular, React)的經驗",https://www.cake.me/companies/thegrailvr/jobs/6ab455?locale=en,104台北市松山區復興北路167號3樓之1,,我們是矽谷新創公司計畫在台灣建立技術團隊，尋找Unity 3D軟體遊戲開發工程主管，月薪80K~100K，請參考我們的DEMO：https://www.youtube.com/channel/UCWSlYiFdGgjGFOU8JDb26hw如果有興趣歡迎與我們聯絡，我們的信箱是[email protected]。,https://www.cake.me/companies/thegrailvr
Unreal與Unity 3D軟體遊戲開發工程主管：矽谷新創公司在台灣建立技術團隊,萬達人工智慧科技股份有限公司,1 - 10 people,Game Production,Unity Game Developer,Full-time,"Executive (VP, GM, C-Level)",1,"80,000 ~ 100,000 TWD / month",UnrealUnity 3D,Personal Invitation Link,"['Unreal', 'Unity 3D']","【公司名稱】
矽谷新創公司The Grail VR 在台灣尋找AR/VR軟體開發工程主管與創業伙伴
The Grail VR為專業設計製作AR/VR/MR開發的公司，官方網站請參考：
https://thegrailvr.com
我們使用Magic Leap One眼鏡/HTC VIVE/手機，已經上線的遊戲產品請參考Youtube：
https://www.youtube.com/channel/UCWSlYiFdGgjGFOU8JDb26hw
【公司地址】
No. 511, Fremont Street, Suite 707, San Francisco, CA 94105, USA【上班地點】
新北市中和區中正路866之6號9樓【工作內容】
以Unreal /C++，開發新的中文,日文及英文版MR/AR/VR平台及產品
構建最先進的混合實境及擴增實境方案，例如用於Magic Leap, HTC Vive及手機
開發及支援高品質、可靠度高的互動性應用
配合團隊提供數位資產、工作流程及研發的最佳實施架構
對於專案設計流程及工具提出建議及改善方案
參與創意性腦力激盪討論，開發創新的VR/AR體驗
對於如何構建有效率的產品製作流程提出建議與經驗
能夠與產業當中最新趨勢同步，並可提出技術創新想法
能夠與不同功能團隊配合工作，確保進行的專案能夠及時完成
【工作態度】
能夠保持彈性及高度意願來研習專案所需要的新技術
能夠成功地扮演好做為開發團隊的一份子
優質的溝通技巧與能力
能夠自我激勵，並且是良好的溝通角色及團隊成員
具備將概念設計轉化成高品質的互動方案的能力
能夠深入研究複雜的系統，並迅速得到結論
對於學習新觀念與技術保持高度進取的態度
具備動機與能力能夠獨立進行工作
具備良好的組織能力與解決問題技巧，對於細節能夠保持關注
具有軟體版本控制的經驗","【技術專長】資訊科學或相關科系大學及以上學歷Unreal 三年以上開發經驗，如果是開發遊戲更佳3D 繪圖引擎使用經驗，例如Unity 3D, Unreal, CryEngine等有使用任何下列平台的遊戲開發(AR/VR)，以及完整工作流程的經驗，包括ARKit, ARCore , HTC Vive, Oculus Rift, HTC Vive, Mobile IOS/Android具備撰寫、產生及遵循專案開發規格的能力，並且準確及有效率地完成具備使用第三方API, SDK, Plug-in的豐富經驗具有最新繪圖API的經驗手機遊戲開發(iOS/Android)一年以上經驗可以閱讀英文操作說明，與美國團隊溝通【經驗或資歷者更佳】具有機器學習(Machine Learning)與深度學習(Deep learning)的開發經驗具有物件辨識與追蹤的開發經驗具有Kinect, Leap Motion, 手勢辨識的開發經驗具有3D深度感測器與映射技術能力手機遊戲開發經驗(iOS/Android) ARKit, ARCore行動/網頁開發經驗，並具備橫跨多種裝置(Windows, iOS, Android)、工具(例如JavaScript, C#, Swift)及frameworks(例如Node.js, Angular, React)的經驗",https://www.cake.me/companies/thegrailvr/jobs/1522e7?locale=en,104台北市松山區復興北路167號3樓之1,,我們是矽谷新創公司計畫在台灣建立技術團隊，尋找Unity 3D軟體遊戲開發工程主管，月薪80K~100K，請參考我們的DEMO：https://www.youtube.com/channel/UCWSlYiFdGgjGFOU8JDb26hw如果有興趣歡迎與我們聯絡，我們的信箱是[email protected]。,https://www.cake.me/companies/thegrailvr
Android APP 開發工程師,安亞管理顧問有限公司,11 - 50 people,IT,Android Developer,Full-time,"Executive (VP, GM, C-Level)",1,"40,000 ~ 65,000 TWD / month",,Personal Invitation Link,[],"工作內容:
1.有Android軟體開發經驗，熟悉安卓系統移動開發技術
2.有紮實的Java語言基礎，熟練掌握安卓各種UI布局和控制元件，能淑練及自訂UI控制元件
3.熟悉Android程序設計、android系統架構
4.熟悉Android系統網路通信機制
5.熟悉Android系統虛擬系統之架構
6.掌握Android動態注入技術，熟悉常用的Hook框架
7.對Android程序性能之優化、需有內部優化的經驗",,https://www.cake.me/companies/facebook-anyataipei/jobs/android-app-development-engineer-65002f?locale=en,台北市內湖區基湖路,,安亞管理顧問公司為市場上首屈一指的企業管理顧問公司，擁有海內外優秀的經營團隊，我們的主要經營團隊帶來了豐富的商業知識和諮詢經驗，能夠在了解公司文化、商業的獨特性後提供最符合公司目標的合作模式，並在企業面對環境挑戰時給予企業多方面的解決方案，且致力於提供最專業的服務，以追求企業永續經營成長我們重視每一位同仁的成長與發展未來，並提供明亮、乾淨、溫馨、安全的良好工作環境，實力堅強的服務團隊，提供學習與成長的空間，歡迎有想法、具企圖心、肯學習的夥伴一起加入，共同創造雙贏的未來！,https://www.cake.me/companies/facebook-anyataipei
雪茄吧店經理,HUAN&WEI,51 - 200 people,Customer Service,Store Manager / Management,Full-time,"Executive (VP, GM, C-Level)",1,"40,000 ~ 60,000 TWD / month",,Personal Invitation Link,[],"職缺描述 
於今年2018年9月成立了台中精品保險櫃旗艦店，台中旗艦店形象影片 ，品牌形象與空間藝術都是全新面貌
目前我們已於台北市中山區中山北路二段籌劃72坪超大坪數的精品保險櫃旗艦店裡面結合了高級會員制酒吧，酒吧將創造全新的樣貌，結合藝廊和藝文的異業合作，定期展藝文相關的活動加上原本的精品咖啡、酒、雪茄等相關活動，打造精品會員制。

工作內容

1.負責介紹及銷售雪茄、威士忌、咖啡。 2.提供顧客之接待與需求服務。 3. 管理酒吧部門營運。3.協助商品進貨入庫、銷售管理及庫存管理。 4.負責商品裝、陳列。 5.維持店內週遭之整潔。 
薪資資訊
1. 工作待遇：月薪 40,000~60,000元2. 工作性質：全職4. 管理責任：管理3-5人6. 上班時段：早晚班，需輪班7. 休假制度：週休二日，需排班8. 上班日：不限9. 需求人數：1 人10. 工作地點離雙連站只需步行5分鐘
職務需求
1. 三年以上酒吧or餐酒館or雪茄館工作經驗2. 具雪茄、威士忌相關知識3. 具相關管理經驗尤佳",,https://www.cake.me/companies/huan-wei/jobs/cigar-bar-manager?locale=en,台北市中山區中山北路二段89號,,我們公司是在台經營30年的老品牌，也是業界領導品牌目前正在轉型，目標是要做亞洲區第一的精品保險櫃品牌不只產品的革新，經營模式也是我們的轉型重點。HW於2018年9月成立了台中精品保險櫃旗艦店 品牌形象與空間設計都是走數位時尚，另外台北也是重點開發地點目前我們已於台北市中山區中山北路二段籌劃72坪超大坪數的精品保險櫃旗艦店，不只有保險櫃，還結合了高級會員制酒吧，酒吧也將創造全新的樣貌，會結合藝廊和藝文的異業合作，定期展藝文相關的活動加上原本的精品咖啡、酒、雪茄等相關活動，打造精品會員制。未來整合精品保險櫃後，再利用精品製造的背景開始推出設計款傢具家飾或裝置藝術等。,https://www.cake.me/companies/huan-wei
財務總監 Finance Director,ACHB 穎佳企業,Medical Devices,Management / Business,"CFO, Chief Financial Officer",Full-time,"Executive (VP, GM, C-Level)","Tainan City, Taiwan",1,15 years of experience required,"80,000 ~ 150,000 TWD / month",[],財務總監負責管理公司的財務運營並確保財務體系的穩健運行。該職位將主導財務規劃、預算編制、報告與內部控制，同時提供戰略性的財務建議以支持業務增長。理想候選人需具備扎實的財務專業能力、出色的領導力以及高成長環境中的實戰經驗。,"主要職責
財務規劃與分析（FP&A）主導年度預算、長期財務預測與戰略財務計劃的制定與執行。監控和分析關鍵財務指標（KPI），識別趨勢並提供可行的建議以支持決策。建立財務模型與情景分析，評估商業機會與風險。制定並執行公司長期財務戰略，確保與整體業務目標一致。為首席執行官（CEO）及管理層提供財務見解與決策支持。評估潛在的增長機會，如併購、資本投資與戰略合作。 財務運營管理負責日常財務運營，包括會計、薪資、資金管理及稅務合規。確保財務報表準確且符合GAAP/IFRS會計準則的要求。協助CEO進行現金流管理，優化營運資金並支持資本分配策略。內部控制與合規建立並維護強大的內部控制系統，以確保財務數據的完整性與合規性。支援內部與外部審計工作，確保合規性並實施必要的改進措施。確保稅務合規、法規申報及其他法律義務的準確履行。業務支持與策略規劃與各部門負責人協作，將財務目標與業務策略對齊。為業務增長和運營效率提升提供財務洞察與建議。作為CFO的財務顧問，參與並支持重要的戰略決策。團隊管理領導並培養財務與會計團隊，建立高效且具合作精神的團隊文化。提供專業技能的培訓計劃，提升團隊能力以支持公司未來的成長。利益相關者管理向管理層及董事會提供清晰的財務報告與建議。維持與外部利益相關者（如銀行、審計師及監管機構）的良好合作關係。
職位需求
學歷背景財務、會計、經濟或相關領域的本科學位，MBA或CPA優先。工作經驗8-12年以上財務相關經驗，其中至少3-5年擔任高階財務管理職位（如財務經理、財務控制主管或FP&A經理）。熟悉高成長或複雜財務環境中的財務運作與管理經驗。具備公司治理與合規經驗，了解上市公司財務管理要求者尤佳。專業技能精通財務建模、預算編制及預測工具。深入了解GAAP/IFRS會計準則，並熟悉ERP系統（如SAP、Oracle或NetSuite）。熟悉內部控制、審計與風險管理流程。領導與溝通能力具備優秀的領導力與決策能力，有建立並管理高效團隊的經驗。出色的溝通與表達能力，能將複雜的財務數據簡化並傳達給非財務背景的利益相關者。具備戰略思維，並能採取實際行動解決問題。其他能力有管理現金流與優化資本分配的經驗。具高度誠信與專業精神，並重視細節與合規性。能在快節奏、高度變化的環境中工作，具備同時處理多項任務的能力。",https://www.cake.me/companies/achb/jobs/finance-director-c0a0bd?locale=en,51 - 200 people,台灣台南市仁德區民生路12號,"1999年─穎佳企業創立於台灣台南。
ACHB企業有限公司 (ACHB Enterprise) 是一家擁有30年經驗的精密機械加工與系統工程服務公司。我們專注於為醫療器材、生命科學、機器人產業以及高精密工業領域提供高品質的製造解決方案。憑藉專業的機械加工技術、電機整合能力以及可靠性的驗證與測試設計，我們協助客戶從產品概念設計到量產的每一個階段。
ACHB以高標準的加工能力著稱，擁有先進的5軸機台與多功能工具組，特別擅長處理高混合、小批量的生產需求。我們的客戶包括全球知名的醫療器材公司與高科技企業，透過我們的技術專業與工程服務，幫助他們實現產品創新與市場成功。
在ACHB，我們重視人才並提供良好的職涯發展機會，致力於打造一個專業且充滿活力的工作環境。如果您對精密製造與創新科技充滿熱情，我們誠摯地邀請您加入我們，一起成就非凡的未來！ACHB is a precision machining and system engineering service company with 30 years of experience. We specialize in providing high-quality manufacturing solutions for the medical device, life sciences, robotics, and high-precision industrial sectors. With expertise in precision machining, electromechanical integration, and reliability testing and performance test design, we support our clients at every stage, from concept design to mass production.
Known for our high standards in machining, ACHB is equipped with advanced 5-axis machines and versatile tooling capabilities, excelling in high-mix, low-volume production. Our clients include globally recognized medical device companies and high-tech enterprises, whom we help achieve product innovation and market success through our technical expertise and engineering services.
At ACHB, we value talent and offer excellent career development opportunities, fostering a professional and dynamic work environment. If you are passionate about precision manufacturing and innovative technology, we warmly invite you to join us in creating an extraordinary future together!
★穎佳的使命與願景：藉由有活力和深度的專業團隊，為守護人類安全的產品再造者，提供創新的工程服務與有效率的製造服務。成為客戶， 可安心，可信賴， 與不可缺的夥伴。讓員工可 以從優秀到卓越，更加富足，並以身為永續企業的一份子而驕傲。",https://www.cake.me/companies/achb
Finance Leader,HTC 宏達國際電子股份有限公司,Consumer Electronics,Finance,Corporate Finance,Full-time,"Executive (VP, GM, C-Level)","New Taipei City, Taiwan",1,12 years of experience required,Negotiable,[],"About Your Next Opportunity
HTC is seeking a highly skilled and ambitious Finance Leader to join our executive team and lead our finance & accounting function. You will play a critical role in driving our organization's strategy and performance, ensuring the business' sustainability and growth through strategic financial decisions.


Job responsibilities include, but are not limited to:
1. Strategic Financial Leadership:
Develop and implement financial strategies, plans, and policies to support the company's strategic objectives.Oversee budget and cash flow management, financial planning and analysis, scenario modeling, potential merger and acquisition, initial public offerings (IPO), capital budgeting, securing debt and equity financing, and managing investor relations. Provide overall business strategic direction to the Chairwoman and the Board of Directors.Oversee and evaluate strategic investment opportunities to enhance the company's organic and inorganic growth and profitability.Collaborate with the executive team to drive business growth and profitability.Lead in the preparation and management of annual budgets, forecasts, and long-term financial plans.Provide financial analysis, strategic recommendations, and insights to support strategic decision-making focusing on flexibility and agility.
2. Stakeholder Communication:
Communicate financial performance, risks, and opportunities to internal and external stakeholders.Present financial reports and strategies to the board of directors and investors.Serve as the primary point of contact for financial matters with banks, investors, and other financial partners.
3. Financial Planning and Analysis:
Oversee the preparation of financial reports, budgets, forecasts, and financial statements.Analyze financial data to identify trends, variances, and opportunities for improvement.Conduct risk management and perform scenario analysis to anticipate potential financial challenges.
4. Operational Finance Management:
Manage cash flow, investments, and financing activities to ensure liquidity and financial stability.Oversee accounting operations, including accounts payable, accounts receivable, payroll, and general ledger.Ensure accurate and timely financial reporting in compliance with regulatory requirements.
5. Controls and Compliance:
Develop and maintain internal controls to safeguard company assets and ensure financial integrity.Ensure compliance with local, state, and federal financial regulations and standards.
6. Team Leadership and Development:
Lead, mentor, and develop the finance team to achieve departmental and company goals.Foster a culture of continuous improvement and professional development within the finance department.Build strong cross-functional relationships to support collaborative decision-making.


Basic Qualifications (Required Skills and Abilities)
Bachelor's degree in Finance, Accounting, Economics, or a related field.5+ years of proven experience in a senior financial leadership role at a technology company, and 12+ years of relevant overall working experience.Excellent investment, analytical, strategic planning, and organizational skills.Strong knowledge of corporate financial law and risk management practices.Strong analytical skills and attention to detail, with the ability to interpret complex financial data and communicate insights effectively to stakeholders.Excellent leadership and interpersonal skills, with the ability to build and maintain strong relationships with internal and external partners.Excellent communication and presentation skills.Strong command of English & Mandarin, both written and verbal.


Preferred Qualifications (Desired Skills and Abilities)
Possess an MBA or CFA


HTC is an equal-opportunity employer that values diversity at our company. We are committed to equal employment opportunity and encourage people from all walks of life to apply without regard to race, color, ancestry, sex, national origin, citizenship, genetics, marital status, veteran status, age, gender identity or expression, religion, disability, sexual orientation, or any other status or characteristic protected by law. HTC does not tolerate discrimination or harassment at any point during our employees' and applicants' time with us, including with respect to recruitment, hiring, placement, promotion, transfer, training, compensation, benefits, leaves of absence, and general treatment during employment.


HTC's privacy policy is posted at this link. Copy and paste to your browser for more information: https://www.htc.com/us/terms/privacy/",,https://www.cake.me/companies/htc/jobs/htc-headquarters?locale=en,1001 - 5000 people,新北市新店區中興路三段 88 號,HTC 致力於將智慧融入生活之中，為全球智慧行動裝置與科技的創新先驅。我們創造的 VIVE Reality，結合 VR、AR、AI、5G、Blockchain 尖端科技，除了持續打造再進化的硬體及軟體，創造出具有絕佳體驗與革命性效能的產品外，也推出對企業、文化、藝術、教育、醫療及娛樂具有深刻意義的內容，呈現令世界耳目一新的成果。 2022 年我們向世界揭示了 VIVERSE 願景，發表 HTC 包羅萬象的產品策略，未來各項創新融合將應用於 VIVERSE 世界中!,https://www.cake.me/companies/htc
【 Game Product Manager/Team Leader - 遊戲產品組 組長】,TREVI 特雷維科技,Games,IT,Project / Product Management,Full-time,"Executive (VP, GM, C-Level)","Xinyi District, Taipei City, Taiwan",1,8 years of experience required,"1,400,000 ~ 1,800,000 TWD / year",[],1、負責產品每週向上匯報工作、參與組織核心會議。2、負責部門運營中及開發中產品，大型需求決策。3、負責產品知識庫歸納文檔。4、負責產品團隊培訓及成長訓練工作。5、負責產品部門行政管理工作（包含出缺勤、出差、績效、預算申請、外部溝通協調等事宜）。,"1、豐富的產品知識：具備0到1產品成功上線案例，具備概率類遊戲專長，熟悉桌台遊戲、BINGO、SLOT遊戲領域，了解東南亞市場用戶。2、創意與產品深度：具備快速提案、規劃落地產品能力，擅長切入產品需求核心重點，呈現於一頁式文檔內。3、UX與美術：具備好的審美觀，與成熟的User experience經驗，能獨立製作高品質的框線圖。4、數據分析能力：具備對已上線產品進行數據分析的能力，並根據數據提出精確的改善方案。5、市場敏銳度：能夠深入分析競爭產品，並提出具有針對性的優化策略和具體目標。6、對於團隊，能適應快速變動的工作環境，並保持彈性與應變能力。7、有直接對最高層級匯報經驗，具備高度產業視野，策劃產品路線。【其他需求】1、相關遊戲經驗8-10年以上工作經驗。2、有帶領團隊管理至少3年以上。3、熟悉各種專案流程。4、擅長溝通、有解決過大型跨部門複雜議題。
【加分條件】1、優秀的英語溝通能力。2、來自軟體業一線公司。",https://www.cake.me/companies/trevi/jobs/senior-game-product-manager-senior-game-product-manager-pm-860?locale=en,51 ~ 200 people,台灣台北市信義區松仁路89號,"TREVI 特雷維科技 
是一家全球性並專注於遊戲軟體開發的公司，產品開發涵蓋Web和App等平台，客戶群分布於亞洲地區，主要目標是為生活增添更多樂趣，顛覆玩家體驗與互動娛樂產業的基本框架。
TREVI 特雷維科技成立於2017年，英文名“TREVI”取自於羅馬著名許願池 -  “Fontana di Trevi” (特雷維噴泉)，TREVI中的每一個字都完整呈現了我們的初衷及理念：T：Talent (人才)，R ：Respect (尊重)，E：Enthusiastic (熱情)，V： Value (價值)，I：Innovation (創新)。
人才尊重、人才熱情、人才價值及人才創新，TREVI特雷維科技以人才為出發點，尊重團隊裡每一個人的聲音，倡導自由分享想法、意見；來到TREVI特雷維團隊，最直接的感受是成員們對程式語言的熱情、團隊活動的熱情、相互激發不同觀點的熱情；我們也在乎團隊裡每個人的價值，期許大家不論在工作或生活盡情發揮專業及能力，成就自我的價值；同時，在創新的過程中總會遇到困難與挑戰，但我們相信人的潛力是無限的，透過一次又一次的嘗試，找出最佳的解決方案，向著共同目標前進，迎接勝利的果實。我們是一個相對年輕，做事卻相當成熟的團隊，大部分團隊成員來自於知名的軟體開發公司，因此都歷經過多種產品在開發上會遇到的困難，以及如何有效卻順利完成的方法與策略，這促使我們團隊在做任何決定時，以他們的專業經驗作為後盾，優化產品的質量並提升其效能。
在公司中我們有 PM、PJM、Designer、RD、QA、HR等明確的職位，透過正確的分工，盡可能每個Feature中落實相對應的Task，如：產出 Story 文件、UI/UX Design、Engineering Design Review、Test Case Review、Implementation、Testing、Deployment。",https://www.cake.me/companies/trevi
*穩定中求創新*Fintech軟體- AI技術舵手｜工程總監 Engineering Director-TL,Cake Recruitment Consulting,Human Resources,IT,"CTO, Chief Technology Officer",Full-time,"Executive (VP, GM, C-Level)","New Taipei, Taiwan",1,10 years of experience required,"3,000,000 ~ 5,000,000 TWD / year","['Fintech', 'CTO', 'AI']","【Engineering Director｜技術總監】引領消費產品與AI團隊的技術升級與組織成長
我們是一間專注於數據驅動的產品的FINTECH公司，旗下產品具數十萬用戶規模，橫跨消費級應用與AI實驗室，致力打造下一代智慧型金融與生活解決方案。
目前正在尋找一位具備技術領導力與大規模工程管理經驗的技術總監，加入我們的工程高層團隊，協助推動產品與組織的雙向升級。
【工作內容｜What You’ll Do】


作為技術部門最高主管之一，協助事業單位與AI Lab的開發優先排序與資源配置


規劃與優化系統架構設計，具備效能與可擴展性考量


主導雲端佈署、系統效能提升與網路架構規劃


帶領工程團隊（含後端、前端、APP）規模 25 人以上，並具 KPI 設定與績效管理經驗


建立與推進工程文化、流程與內部效能指標提升


作為技術與產品間的橋樑，協助跨部門溝通與策略推動","【條件要求｜What We’re Looking For】


資訊、電機、資工、資管等相關科系學士以上


曾任職於**知名大型網路/科技公司（如 FANG、中國前三大互聯網公司等）**經驗者尤佳


精通後端（.NET）、前端（Vue）、或行動應用（Kotlin/Swift）開發任一領域


深入理解系統架構設計與雲端部署，具備處理高併發、高穩定性需求之經驗


具備25 人以上工程團隊管理經驗，並熟悉 KPI 設定與人力資源配置


優秀的跨部門溝通與策略思維能力，能從工程角度支持產品與商業發展


【加分條件｜Nice to Have】


曾經同時管理多條技術線（如後端、前端、AI、DevOps）


具備 AI/ML 產品開發或資料平台設計管理經驗


熟悉消費級產品營運模式或大型數據平台運作邏輯


【待遇與福利】


💰 薪資：Open，具市場競爭力，依經驗與能力議定


🎯 挑戰：高速成長的技術團隊、跨事業整合舞台、影響數十萬用戶的產品技術決策權",https://www.cake.me/companies/cake-recruitment-consulting/jobs/seeking-innovation-in-stability-fintech-software-ai-technology-helmsman-engineering-director-tl?locale=en,11 ~ 50 people,"12F., No. 287, Sec. 3, Nanjing E. Rd., Songshan Dist., Taipei City 105, Taiwan (R.O.C.)","🔥This is the Cake Recruitment Consulting official web page🔥Cake Recruitment Consulting - Executive Search, Contracting, EoR/Payroll
We offer a full range of services, including Executive Search, Contracting, and EoR/Payroll, to meet all your recruitment needs.
Our Special Advantages and Differentiation:
Professional Recruiter + Direct Sourcing - All consultants have industry experience. In addition to providing accurate talent search. E.g Identify relevant client’s competitors, and engage in comprehensive talent acquisition, building long-term relationships with candidates, and providing market information to clients.CakeResume AI + Martech Recruitment - By leveraging digital Martech technology and employer branding, the recruitment process is optimized. Through a database of millions of potential candidates who would not normally appear, the number of candidates reached is increased and speeds up the sourcing process to fill the talent gap.

About Cake Recruitment ConsultingCake is the Leading Asia talent platform. With over millions+ active resumes in our database and still it is increasing every day.
Currently more than 7,000+ clients are using our recruitment services.",https://www.cake.me/companies/cake-recruitment-consulting
副總經理,格來得股份有限公司,Manufacturing,Management / Business,Organization Management,Full-time,"Executive (VP, GM, C-Level)",Taiwan,1,10 years of experience required,"80,000 ~ 100,000 TWD / month","['Canva', 'Microsoft Office', 'PowerPoint']",經營管理:1.協助各部門達成績效目標。2.協助企業組織與規劃。3.激勵與溝通。4.協助建立企業評量制度。5.協助企業培育人才。工作內容:1. 跨部門管理工作之協調與運作，以達成企業營運績效。2. 協助各部門年度目標及績效之達成。3. 執行各項經營策略的推動。4. 執行企業組織評量標準、方法與結果。5. 組織溝通、危機管理、品牌推廣、活動策劃。6. 協助直營分廠落實營運績效。7. 執行總經理交辦事項。,"工作經驗:10年以上學歷要求:大學、碩士科系要求:企業管理相關,市場行銷相關,國際貿易相關語文條件語言能力:英文(聽:精通、說:精通、讀:中等、寫:中等)、台語(中等)擅長工具:Excel、Internet Explorer、Outlook、PowerPoint、ChatGPT、文中系統工作技能:專案溝通╱整合管理、工作任務╱業績項目分配、業績目標達成、督導人員工作績效、危機與議題管理、協商談判能力、部門績效目標管理、提案與簡報技巧、實體活動規劃與執行、產品開發預算與成本控管、顧客關係管理、公關活動規劃與執行、業績目標分配與績效達成。其他條件:中英語聽說讀寫溝通能力、精通簡報製作與流暢表達能力、沉穩、細心、邏輯、責任感、時間觀念、積極正面、溝通型人格、須具備普通小型車駕照。",https://www.cake.me/companies/gladoor/jobs/deputy-general-manager-505a8d?locale=en,51 ~ 200 people,桃園市蘆竹區中興路105號,"公司介紹
為自動控制製造相關產業，資本額1億2600萬，員工人數100人。
公司簡介
格來得為台灣捲門第一品牌, 本公司專業生產快速安全捲門之自動化電控裝置, 住宅自動化相關產品, 行銷全球超過15個國家, 集團年營業額超過新台幣10億元。
經營理念
永續經營
品質 效率 承諾
主要商品 / 服務項目
快速安全捲門, 自動化電控裝置, 住宅自動化相關產品及零組件進出口貿易。",https://www.cake.me/companies/gladoor
内容長 Chief Content Officer （請直接至 Hahow 官網投遞履歷）,Hahow 好學校,EdTech,Management / Business,Strategic Planner,Full-time,"Executive (VP, GM, C-Level)","Songshan District, Taipei City, Taiwan",1,8 years of experience required,Negotiable,[],【關於 Hahow】Hahow 成立十年，憑藉多元內容與優質體驗，穩居台灣線上學習平台的領導地位，共推出超過 1000 堂經市場驗證的高品質課程，累積 115 萬名以上會員。秉持「Become the one you like」的願景使命，我們希望讓每一位學習者都能在平台中找到成長與快樂的可能。而面對快速變化的社群生態，我們期待更多優秀的人才加入 Hahow，我們期待擅長整合行銷與內容策展、對用戶需求敏銳觀察，並具備強大專案執行能力的你，加入我們一同發揮創意與策略，讓 Hahow 既有課程延伸更大的市場價值。【為什麼你該加入 Hahow ?】在 Hahow，我們透過內容行銷與數據洞察，讓學習變得更貼近每個人的生活與成長節奏。你將參與的是一個擁有 1000+ 門市場驗證課程的內容寶庫，手上握有極具潛力的資源，能自由發揮創意與行銷策略，創造實質的營收成效與品牌影響力。這個職位將讓你：操刀內容再包裝、跨界合作與社群經營，拓展課程的長尾價值；成為用戶與內容之間的橋樑，激發學習動機並轉化為實際購買；與一群有熱情、有創意的夥伴共事，在快速成長的 EdTech 產業中不斷挑戰與學習；將你的策略思維與行銷創意，實際轉化為有感的數字成長。如果你喜歡讓內容被看見、享受創造話題與影響力的成就感，這將是你大展身手的舞台。【你將在團隊負責】1. 推動 1000+ 線上與多元學習商品的營收成長，從使用者需求出發，發掘市場溝通切角，企劃出能引發共鳴與興趣的內容，讓更多人找到適合的學習方式，同時創造商品成效。2. 為不同目的行銷活動擬定行銷操作策略與手段，包含但不限於：影音拍攝、主題策展、實體活動、KOL 行銷、異業合作等，達成轉換等行銷目標的成長。3. 負責與 KOL 和異業夥伴洽談合作，評估成效、溝通腳本與執行細節，提升商業合作效益。4. 與團隊夥伴合作，管理站內行銷活動之排程與進度，確保全年度活動能如期進行。5. 熟悉各行銷渠道（例如自媒體、社群媒體、付費廣告...）之特性，並與設計師合作規劃及製作適合不同行銷渠道之推廣素材，包括但不限於文案、圖片、影音...等等形式。6. 負責數據監控 、追蹤與分析，即時調整行銷策略，並提出行銷成效優化方案。,【必備條件】1. 具 3 年以上品牌、平台或代理商的整合行銷經驗，具備行銷策展能力，能獨立包裝商品並創造溝通話題與激發需求。2. 具備獨立完成專案企劃與策略之能力，並能產製合適的內容來達成目標。3. 熟悉社群平台與 KOL 操作生態，具備篩選合適合作對象、規劃合作內容與評估成效的能力。4. 具備數位行銷、成⻑行銷等思維與概念，熟悉如何將其運用於策略與方案。5. 具備數據分析能力，能透過工具應用（例如： Tableau、Mixpanel、Looker Studio、GA4 等），從使用者行為與銷售數據中找出洞察，並轉化為可執行的行銷企劃。6. 擁有文案準確及敏銳度，對時事敏感，能夠把握社群風向及網路文章特性，精準用字吸引受眾。7. 具備收益評估、成本與與算控管能力。【如果也有會很棒的加分條件】1. 具有與影像製作、數據分析師的合作溝通經驗。2. 具備廣告投放經驗，能善用數字幫助決策，即時優化廣告成效與預算分配。3. 熟悉教育科技、知識付費產業，了解國內外知名教育平台與產品型態。【我們期待的團隊夥伴特質及能力】1. 熱愛學習與分享，享受新創團隊充滿挑戰性的生活2. 抗壓性高，且具正面積極的工作態度、個性樂觀3. 服務過不同產業客戶的經驗（提案／執行／策略規劃），且對於行銷企劃有許多想法4. 具備高度協調能力，樂於溝通與統合不同意見並提出好的解決方案，以組織目標為優先5. 不害羞與內外部利害關係人溝通及提案報告的能力6. 熱愛接受最新資訊、各種情報，且熟悉網路用語和流行,https://www.cake.me/companies/hahow/jobs/chief-content-officer-please-submit-your-resume-directly-to-hahow-official-website?locale=en,51 ~ 200 people,台北市松山區民生東路四段 133 號 6 樓,"Hahow 好學校，取自台語「學校」的發音（ㄏㄚˇ ㄏㄠ）。我們提供一個使知識與技能有價的平台；也讓每一位消費者，可以像在宇宙中探索驚喜一樣，重新找回學習的樂趣。從 2015 年創立以來，每個月有 10,000+ 名來自台灣、美國、香港、馬來西亞的會員在這裡尋找新知，Hahow 協助超過 700 位老師將深藏的才藝分享給世界並獲得收入，服務守護好的課程內容，創造知識技能有效流動的社群，讓分享與學習成為一種生活體驗！更多招募資訊請到這：https://hahow.in/joinus",https://www.cake.me/companies/hahow
Technical Director,OpenNet 開網有限公司,Software,IT,"CTO, Chief Technology Officer",Full-time,"Executive (VP, GM, C-Level)","Taipei City, Taiwan",1,10 years of experience required,"2,500,000 TWD / year",[],"Key Responsibilities:
1. Set the technical vision for the team.
2. Decide when to embrace cutting-edge technologies and when to adopt less elegant solutions.
3. Ensure that all technical solutions are aligned with the company's business needs and goals, and that they contribute to the overall strategy of the organization
4. Work closely with product management, design, and other engineering teams to deliver exceptional user experiences.
5. Mentor, inspire, and empower a talented team of engineers, fostering a culture of innovation and excellence.
6. Continuously refine our development processes to optimize efficiency and quality.
7. Evaluate and prioritize technical needs and projects, ensuring that resources are allocated effectively
8. Keep technical documentation up-to-date, ensuring that all relevant information is accurately recorded and accessible
Our Stack 
Language: Java 8+, Javascript, ES6
Frameworks: Spring Boot (Tomcat, Netty), Spring Data, Spring Cloud, Vue.Js
Architecture: Microservices, REST API
Database: MySQL, MyBatis, MongoDB
Caching: Redis (AWS ElastiCache), ElasticSearch
Message Queue: RocketMQ
Cloud: Kubernetes, AWS
Monitoring: Grafana, Prometheus, Loki, Tempo, AWS CloudWatch, OpenTracing
CI/CD: Jenkins, ArgoCD
Additional Responsibilities:
1. Work closely with other departments to optimize business processes and ensure that technical solutions meet the needs of all stakeholders.
2. Assist in building relationships with vendors and creating cost-efficient contracts",,https://www.cake.me/companies/opennet-limited/jobs/technical-director-136?locale=en,51 ~ 200 people,台北市中正區杭州南路一段15之1號16樓,"OpenNet is one of the best companies to work for in Taiwan; we offer a dynamic and rewarding environment for high-achievers looking to work and learn alongside like-minded individuals. We are currently in a period of rapid growth as we expand to make our technology available in over 20 countries.We believe our employees are the company’s most valuable asset and are invested in seeing our employees grow in their careers and strike a work-life balance. We do our best to attract top talent and create a great workplace where people feel engaged, inspired, challenged, and respected.If you are forward-thinking, passionate about technology, enjoy a fast-paced work environment and are looking for a rewarding career, then we want you on the team.What you can expect from working at OpenNet?1. Interesting and engaging work2. Incredibly talented co-workers3. Collaborative and flexible workplace4. World-class benefits package",https://www.cake.me/companies/opennet-limited
VP of Engineering,裕順資訊有限公司,Information Services,IT,Software Engineer,Full-time,"Executive (VP, GM, C-Level)","Songshan District, Taipei City, Taiwan",1,10 years of experience required,"2,000,000 ~ 2,500,000 TWD / year",[],"We are looking for a hands-on, people-focused VP of Engineering to lead a team of 30+ and growing engineering team. For this role, you will be responsible for building scalable processes, ensuring technical excellence, and enabling a high-performing team culture. You will work closely with the CTO, Product, and cross-functional teams to bring our product vision to life through execution and delivery.","Lead and grow a team of 30+ engineers across backend, frontend, QA, and DevOps.Build and optimize engineering processes to ensure velocity and quality.Oversee project execution, resource planning, and timely delivery of product milestones.Foster a team culture based on accountability, continuous learning, and collaboration.Collaborate with CTO on aligning technical vision with business strategy.Implement metrics and KPIs to measure engineering effectiveness.Identify talent gaps, drive hiring, and support career development for engineers.Ensure system stability, scalability, and maintainability.

任職資格
10+ years of experience in software engineering; 5+ years in leadership roles.Proven experience managing mid-sized engineering teams in a fast-paced environment.Strong technical background with ability to guide architectural decisions.Familiar with agile methodologies, CI/CD, and modern DevOps practices.Excellent interpersonal and leadership skills.Fluent in English; Mandarin communication is a plus.",https://www.cake.me/companies/richwell/jobs/vp-of-engineering?locale=en,51 ~ 200 people,台北市松山區,"裕順資訊有限公司 致力於提供高效、創新的解決方案，滿足客戶在科技和商業上的各種需求。作為一家領先的技術外包服務提供商之一，我們憑藉豐富的經驗和專業知識，支持客戶在數字化轉型、軟體開發、IT基礎設施管理及其他關鍵領域的需求。
我們的價值主張：
- 客戶導向： 我們始終以客戶需求為中心，通過深入理解其業務挑戰來提供度身定制的解決方案。
- 技術卓越：我們擁有多才多藝的技術專家團隊，能夠應對各種複雜的技術挑戰，並提供可靠且創新的解決方案。
- 品質保證：我們注重每一個細節，確保交付產品和服務的高品質，以滿足客戶的期望和需求。
- 合作共贏：我們認為合作是成功的關鍵，通過與客戶、合作夥伴和員工的緊密合作，實現共同成長和成功。
我們的服務範圍：
1. 軟體開發與定制：包括全球化的應用程式開發、網站開發、移動應用程式開發等。
2. IT基礎設施管理：提供全面的IT基礎架構管理和維護服務，確保系統的安全和高效運行。
3. 數位轉型解決方案：協助客戶實現數字化轉型，包括雲端遷移、大數據分析、物聯網（IoT）應用等。
我們深知每個客戶的需求獨特，因此我們樂意通過創新和協作來實現您的業務目標。如果您尋找一個可靠的技術合作夥伴，請與我們聯繫，我們將竭誠為您服務。",https://www.cake.me/companies/richwell
營收破億台北科技綠能集團-財務長候選人(IPO、M&A經驗尤佳)-JC,Cake Recruitment Consulting,Human Resources,Management / Business,"CFO, Chief Financial Officer",Full-time,"Executive (VP, GM, C-Level)","Taipei City, Taiwan",1,10 years of experience required,"2,000,000 ~ 2,500,000 TWD / year",[],"1. 協助並督導關係企業帳務處理。
2. 覆核公司各項稅務申報及調節表作業。
3. 編製月結報表、經營管理分析報表。
4. 協助各項作業流程改善，及內控流程規劃及掌握。
5. 推動與執行各項專案，並督導各部門專案執行進度。
6. 執行主管臨時交辦事項。","1. 具備大型會計師事務所查帳經驗四年以上。
2. 熟悉一般公認會計準則、IFRS、財會稅務法令、申辦各項稅務如營業稅、營所稅、401表等稅務作業。
3. 熟Excel、MS Office。
4. 熟ERP、正航、SAP++　作業系統佳。
5. 具獨力作業、溝通及規劃整合能力。
6. 具工作熱誠、積極主動、主動解決問題能力特質。有興趣歡迎直接聯繫：✅LINE ID: joy2267596☎️0968572502📩[email protected]☘️Cake蛋糕職報：https://reurl.cc/r9qRok☘️預約諮詢: https://lnkd.in/g6A42fHX",https://www.cake.me/companies/cake-recruitment-consulting/jobs/taipei-technology-green-energy-group-with-revenue-exceeding-100-million-yuan-is-a-candidate-for-ch?locale=en,11 ~ 50 people,"12F., No. 287, Sec. 3, Nanjing E. Rd., Songshan Dist., Taipei City 105, Taiwan (R.O.C.)","🔥This is the Cake Recruitment Consulting official web page🔥Cake Recruitment Consulting - Executive Search, Contracting, EoR/Payroll
We offer a full range of services, including Executive Search, Contracting, and EoR/Payroll, to meet all your recruitment needs.
Our Special Advantages and Differentiation:
Professional Recruiter + Direct Sourcing - All consultants have industry experience. In addition to providing accurate talent search. E.g Identify relevant client’s competitors, and engage in comprehensive talent acquisition, building long-term relationships with candidates, and providing market information to clients.CakeResume AI + Martech Recruitment - By leveraging digital Martech technology and employer branding, the recruitment process is optimized. Through a database of millions of potential candidates who would not normally appear, the number of candidates reached is increased and speeds up the sourcing process to fill the talent gap.

About Cake Recruitment ConsultingCake is the Leading Asia talent platform. With over millions+ active resumes in our database and still it is increasing every day.
Currently more than 7,000+ clients are using our recruitment services.",https://www.cake.me/companies/cake-recruitment-consulting
Senior Backend Engineer_24308,Gamania 遊戲橘子數位科技股份有限公司,501 ~ 1000 people,IT,Back-end Engineer,Full-time,"Executive (VP, GM, C-Level)","Taipei City, Taiwan",2,5 years of experience required,"40,000+ TWD / month","['SQL', 'Python', 'Java']","1. 搜尋排序系統開發優化
2.Design and develop high-performance, high-fault-tolerant advertising system independently
3.開發公司內部系統和 RESTful API
4.整合異質系統、資料串接
5.資料庫 schema 建置與維護
6.設計高可用和高擴展, 高性能的後端架構","1.熟悉 Python 3 2.熟悉 Git Version Control and Git Flow3. 使用過 AWS、GCP、Azure 任一雲計算4. 能夠撰寫可重複使用與模組化的程式碼5. 熟悉 RESTful API 設計 6. 熟悉內部與外部 API 串接7. 熟悉 CI/CD 工具和開發流程8. 熟悉 Mac / Linux 系統與環境操作指令9. 熟悉使用 pytest 撰寫單元與整合測試10. 熟悉 redis, cassandra 其中一種 NoSQL11. 熟悉使用 Kubernetes 建立 Containerized applications12. 了解常用的 design patterns13. 了解 Scrum 開發流14. 擁有良好的溝通協作能力15. 能夠根據runtime log或system log分析程式錯誤的原因",https://www.cake.me/companies/gamania/jobs/24308?locale=en,台北市內湖區瑞湖街111號(內湖科技園區),,前身為富峰群，自1995年成立以來，不斷在挑戰中前進，一路變革、顛覆、創新。1999年更名為Gamania，積極擴張亞洲版圖。事業體以遊戲為核心，延展到資訊、客服、支付、行銷等線上平台，多次推動台灣 Internet 時代成長，與時俱進，締造佳績。近年來，隨著行動化浪潮席捲全台，Gamania積極轉型，跨足行動支付、電子商務、影音新媒體、群眾募資等多元領域。2017年以嶄新的橘子集團網路艦隊揚帆出發，率領旗下遊戲、支付、電商、媒體等四大事業群加速前進，期許成為台灣全生態網路企業。Gamania獲得Cheers 2018新世代最嚮往企業殊榮，自2006年Cheers創辦此獎項至今，已連續14年均有獲獎。展望未來，Gamania橘子集團將以「Dare to Challenge」的積極態度顛覆市場常規，不畏挑戰、更勇於突破，以「探索網路生活的無限可能」作為品牌願景，從have a GOOD GAME! 進化到 have a GOOD TIME! 將與世界接軌，建構令人嚮往的美好生活。,https://www.cake.me/companies/gamania
知名上市櫃企業-【業務處長_具備ODM/OEM經驗/年薪NT250萬】D04,精英人力資源股份有限公司,Recruitment Services / Worker Dispatch,Sales,Sales Team Lead,Full-time,"Executive (VP, GM, C-Level)","Xindian District, New Taipei, Taiwan",1,10 years of experience required,"2,000,000 ~ 2,800,000 TWD / year",[],"1.具10年以上IT產業相關經驗
2.具500人以上企業之業務高階主管10年管理經歷
3.具10年以上ODM及OEM經驗
4.具業務部門主管及經營幕僚主管實務經歷
5.具溝通協調與市場開拓能力","1.具備10~20人團隊的業務團隊帶領經驗
2.英文精通, 能配合出差歐美",https://www.cake.me/companies/imc/jobs/well-known-listed-company-business-director-with-odm-oem-experience-annual-salary-nt-2-5-million?locale=en,51 ~ 200 people,台北市松山區敦化南路一段2號10樓,IMC精英集團致力於滿足人力資源服務產業的動態平衡，為人才規劃生涯各階段最適宜的發展舞台，為企業提供合適人才更同時兼顧時效性與質/量的要求。業務集中於大中華地區，涵蓋台北、新竹、台中、台南、高雄、上海、北京、天津...等地，協助人才找工作；提供企業求才、委外服務、人才移動力、專家派遣、居家照顧等多樣服務。 IMC精英服務特色： 在地品牌，跨地域完整服務 ● 本土人力資源公司，最了解大中華地區人才特色及企業人才需求。 ● 公司根基穩固，支持各地因應產業及環境需要，提供更靈活彈性的近距離服務。 ● 30年以上的豐富產業資歷及實務經驗，即時解決客戶及人才不同面向問題。 團隊作戰，專業分工 ● 招募計畫專業分工，團隊具備產業及職能知識(如:金融/保險/電信…等；業務/客服/門市人員…等)求職/求才效率最佳化。 ● 以資深專業顧問群帶領熱情充滿活力的精英團隊，發揮團隊力量，齊心達成客戶交付任務。 ● 顧問團隊透過定期教育訓練，培養面對客戶與人才的專業服務實力，更能貼近需求。 ● 團隊合作為後盾，搭配單一窗口客製化服務，客戶與人才的問題能達到立即回覆。 客戶(人才＆企業)優先，服務至上 ● 提供精準的推薦函，展現履歷中看不到的經驗能力，為企業發掘精英。 ● 細心耐心用心篩選合適人才，教導人才面試技巧，提高錄取機率，期許客戶雙贏。 ● 堅持正當合法，提供專業諮詢及貼心服務，態度親切誠懇實在，不做誇大不實工作描述。 自行研發管理系統，有效招募 ● 自有專業招募與資料庫管理系統，能提升後續作業的便利性及效率。 ● 系統依據作業流程標準化導入，具防呆除錯設計，並嚴密的審核與品質控管，讓資料安全無疑慮。 以「人」為本，關注生涯每階段 ● 從人才角度悉心分析工作合適性，真誠提供職涯及生涯規劃協助。 ● 求學期及就業起步期可考慮彈性靈活的短期、兼職性質工作，累積更多元的職場經驗。 ● 具備產業專業知識的淬鍊期及成熟期，可透過IMC精英中高階仲介及職涯諮詢服務，創造事業巔峰。 ● 步入屆齡退休期，IMC精英邀請您進入5070專家派遣，借助您豐富的產業經驗及社會歷練，協助企業傳承、解決困境。 ● IMC精英先一步看見社會需求，提供全方位的居家照顧，唯有家庭安全無虞，自己及家人才有安心工作的條件，工作與生活達成平衡。,https://www.cake.me/companies/imc
主管特別助理 Executive Assistant,BV SHOP_架值資訊科技有限公司,Ecommerce,Management / Business,Project Manager,Full-time,"Executive (VP, GM, C-Level)","Xitun District, Taichung City, Taiwan",1,3 years of experience required,"42,000 ~ 50,000 TWD / month",[],我們正在尋找一位能與主管並肩作戰的專案特助！如果你擅長整合訊息、跨部門協調，還具備良好的對外溝通能力，這份工作就是為你量身打造的。【你將負責的工作】1.訊息監控與即時回應－ 不定時檢查官方LINE與內部群組訊息，整理重點並即時回報－ 協助初步回應外部來訊，並串接內部窗口處理2.客戶需求整合與跨部門協調－ 協助彙整客戶功能需求、建議與使用回饋－ 傳達與跟進部門任務進度，確保資訊不失真3.對外接洽與公關支援－ 擔任專案的外部溝通窗口－ 協助準備簡報、安排會議、處理會後追蹤－ 展現專業形象，協助建立合作信任關係4.客戶問題處理與關係維護－ 接受並協助處理客戶抱怨與反饋，初步判斷並轉交對應部門－ 同理溝通、穩定客戶情緒，確保問題獲得妥善處理與後續追蹤5.主管交辦事項支援－ 機動處理資料查找、行政安排等任務－ 各部門協助專案進度控管與時程提醒－優化公司各項營運流程,【我們希望你具備的特質】1.溝通協調能力強，反應快、EQ高2.能處理基本客訴情境，具耐心與穩定情緒的能力3.邏輯清晰，擅長資訊整理與進度掌握【加分條件】（不是必要，但會讓你更吸睛）：1.有專案助理、公關、業務支援或客戶服務經驗2.曾參與跨部門溝通或協調任務3.有社群、活動協辦或品牌窗口相關經歷,https://www.cake.me/companies/bv-shop_/jobs/executive-assistant-d3e?locale=en,11 ~ 50 people,台灣台中市西屯區市政路386號六樓之6,"【電商開店找BV，打造品牌超Easy】
BV SHOP是一間充滿創新和服務熱忱的系統公司，致力於提供全方位的電商開店解決方案。從客製化網站和行銷服務起家，發展至線上開店平台系統以及線下零售POS系統，整合全通路開店需求和解決方案，目前BV SHOP已達到超越3000家以上商家註冊。同時透過獨家的AI系統及便利的電商經營系統，幫助各產業的商家在競爭激烈的市場中脫穎而出，且進一步印證了BV SHOP在電商市場的持續增長與穩固地位。
｜
【企業核心價值】
創新超越Innovation & Excellence
客戶信任Customer Trust
團隊合作Teamwork
熱情當責Passion & Responsibility
｜
【品牌定位】
「全方位電商開店系統」，是企業、品牌商家和創業者的最佳夥伴。我們提供功能齊全的電商平台，從『網站設計』、『商品管理』、『行銷工具』一應俱全，讓品牌可以無縫銜接線上與線下，實現 OMO 整合。BV SHOP自身定位為最懂商家需求的夥伴，不僅提供技術，更提供完整的品牌經營解決方案。
｜
【加入BV SHOP的優勢】
『年輕及創新的團隊』
- 我們重視每位夥伴的想法，相信每個建議都能幫助團隊成長。
- 不固守原有設定及框架，唯有不斷創新才能超越變遷，滿足客戶需求！
『熟悉電商市場趨勢』
- 了解網路行銷的重要性。
- 進一步深知最先進的AI技術及架構如何為客戶創造經濟效益。
『拓展人脈』
- 透過認識各行各業負責人或相關人才，有機會學習及了解經營事業的重點。
『專業的學習機會』
- 組織扁平化幫助夥伴們不斷提升能力、拓展不同視野。
- 我們重視職能發展，適時提供相關學習機會，幫助夥伴們提升專業能力。
期盼優秀、充滿熱情的您一起加入BV，實現您的『架值』力！
｜
【歷史沿革】
2017-2021年 客製化網站
2021/10月 開始開發系統化電商平台（SAAS）
2022/8月 設立台中營運總部
2023/3月 正式發佈BV SHOP電商品牌
2023/5月 推出首個創新功能—「天羅地網再行銷系統」
2023/11月 再度推出—「全域導購分潤系統」
2024/1月 商店數破1000家
2024/9月 商店數破3000家
2024/10月 「POS系統」正式亮相：線上線下OMO全通路整合
｜
【媒體報導】
『2024年10月』
三立新聞：「電商平台2年吸3千用戶！3支AI箭助賣家高效追業績　網站設計到行銷全包」
https://www.setn.com/News.aspx?NewsID=1552631
中時新聞：「電商開店平台BV SHOP發表OMO全通路整合POS系統 助店家以AI創造未來商機」https://www.chinatimes.com/realtimenews/20241023005369-260410?chdtv
經濟日報：「電商開店平台BV SHOP主辦 2024電商趨勢論壇登場 以AI創造未來最新商機」https://money.udn.com/money/story/11799/8311298
鏡周刊：「電商平台2年吸3千用戶！AI助高效追業績」https://www.mirrormedia.mg/external/amp/setn_1552631
China Post e-News：「知名電商開店平台BV SHOP主辦 2024電商趨勢論壇登場 五大業界專家發表講座 獨家主題一次擁有 同步發表最新OMO全通路整合系統 以AI創造未來最新商機」http://www.chinapost101.com/2024/10/bv-shop-2024-omo-ai.html?m=1
Style master：「知名電商開店平台BV SHOP主辦 2024電商趨勢論壇登場」https://www.stylemaster.com.tw/2024/10/23/%E7%9F%A5%E5%90%8D%E9%9B%BB%E5%95%86%E9%96%8B%E5%BA%97%E5%B9%B3%E5%8F%B0bv-shop%E4%B8%BB%E8%BE%A6-2024%E9%9B%BB%E5%95%86%E8%B6%A8%E5%8B%A2%E8%AB%96%E5%A3%87%E...
鉅亨anue、Yahoo、永豐：「BV SHOP搭電商成長趨勢 發表全通路整合POS系統」https://m.cnyes.com/news/id/5750861https://tw.news.yahoo.com/bv-shop%E6%90%AD%E9%9B%BB%E5%95%86%E6%88%90%E9%95%B7%E8%B6%A8%E5%8B%A2-%E7%99%BC%E8%A1%A8%E5%85%A8%E9%80%9A%E8%B7%AF%E6%95%B4%E5%90%88pos%E7%B3%BB%E7%B5%B1-101901571.html?guc...",https://www.cake.me/companies/bv-shop_
上市櫃電子零組件-人資處長-JC,Cake Recruitment Consulting,Human Resources,HR,HR Manager,Full-time,"Executive (VP, GM, C-Level)","Taoyuan City, Taiwan",1,20 years of experience required,"3,000,000+ TWD / year",[],"規劃與執行人力資源策略
深入了解公司整體發展方向與事業單位的營運目標，規劃並落實符合組織需求的人才策略，涵蓋組織設計、人力規劃、招聘、績效管理及薪酬制度優化。
持續檢視並優化人資流程，透過數據分析提供決策依據，協助提升組織效能與員工投入度，確保人力資源能有效支持業務成長。
領導與團隊管理，培養組織人才
帶領並指導團隊成員，提升其專業能力與解決問題的能力，建立高效能的工作團隊。
規劃並推動人才發展專案，包括培訓、職涯發展、接班人計劃，強化人才梯隊，培養具競爭力的核心人力資源，支持公司長期發展。
協助主管建立教練型領導風格，提升整體管理效能，並塑造正向、具凝聚力的組織文化。
專案推動與跨部門協作
主導或協助主管交辦之重大專案，涵蓋組織變革、流程優化、人資數位化系統導入及員工體驗改善等。
與跨部門團隊緊密合作，確保專案按期完成並符合策略目標，同時持續追蹤成果，提出改善建議。
扮演管理階層與員工間的溝通橋樑，確保專案執行能兼顧業務需求與員工體驗，達到雙贏效果。",有興趣歡迎直接聯繫：✅LINE ID: joy2267596☎️0968572502📩[email protected]☘️Cake蛋糕職報：https://reurl.cc/r9qRok☘️預約諮詢: https://lnkd.in/g6A42fHX,https://www.cake.me/companies/cake-recruitment-consulting/jobs/listed-electronic-components-hr-director-jc?locale=en,11 ~ 50 people,"12F., No. 287, Sec. 3, Nanjing E. Rd., Songshan Dist., Taipei City 105, Taiwan (R.O.C.)","🔥This is the Cake Recruitment Consulting official web page🔥Cake Recruitment Consulting - Executive Search, Contracting, EoR/Payroll
We offer a full range of services, including Executive Search, Contracting, and EoR/Payroll, to meet all your recruitment needs.
Our Special Advantages and Differentiation:
Professional Recruiter + Direct Sourcing - All consultants have industry experience. In addition to providing accurate talent search. E.g Identify relevant client’s competitors, and engage in comprehensive talent acquisition, building long-term relationships with candidates, and providing market information to clients.CakeResume AI + Martech Recruitment - By leveraging digital Martech technology and employer branding, the recruitment process is optimized. Through a database of millions of potential candidates who would not normally appear, the number of candidates reached is increased and speeds up the sourcing process to fill the talent gap.

About Cake Recruitment ConsultingCake is the Leading Asia talent platform. With over millions+ active resumes in our database and still it is increasing every day.
Currently more than 7,000+ clients are using our recruitment services.",https://www.cake.me/companies/cake-recruitment-consulting
